customer_id,customer_name,age,gender,city,registration_date,order_id,order_date,product_category,product_name,unit_price,quantity,total_amount,payment_method,discount_applied,discount_percent,satisfaction_score,session_duration_min,device_type,num_previous_purchases
C001,Junaid Iqbal,29,Male,Karachi,2023-07-06,ORD0001,2024-01-21,Electronics,Webcam,13553,4,54212,EasyPaisa,No,0,3,42,Tablet,16
C001,Junaid Iqbal,29,Male,Karachi,2023-07-06,ORD0002,2025-05-06,Toys,Play Dough,3325,1,3325,Credit Card,No,0,2,35,Tablet,17
C001,Junaid Iqbal,29,Male,Karachi,2023-07-06,ORD0003,2024-06-16,Sports,Running Shoes,2134,1,2027,Debit Card,Yes,5,2,23,Desktop,18
C001,Junaid Iqbal,29,Male,Karachi,2023-07-06,ORD0004,2024-02-11,Food,Chocolate Box,2189,4,8756,Cash on Delivery,No,0,4,53,Mobile,19
C001,Junaid Iqbal,29,Male,Karachi,2023-07-06,ORD0005,2025-04-25,Books,Math Textbook,1733,3,5199,Debit Card,No,0,2,36,Desktop,20
C001,Junaid Iqbal,29,Male,Karachi,2023-07-06,ORD0006,2025-04-07,Health,Hand Sanitizer,3963,4,13474,Cash on Delivery,Yes,15,4,50,Desktop,21
C001,Junaid Iqbal,29,Male,Karachi,2023-07-06,ORD0007,2025-03-20,Sports,Skipping Rope,4976,1,4976,Credit Card,No,0,2,29,Tablet,22
C001,Junaid Iqbal,29,Male,Karachi,2023-07-06,ORD0008,2024-07-20,Home & Kitchen,Storage Container,1294,2,2588,Cash on Delivery,No,0,2,8,Mobile,23
C002,Naila Iqbal,28,Female,Quetta,2023-07-12,ORD0009,2024-09-19,Health,Thermometer,2834,2,5668,EasyPaisa,No,0,3,57,Mobile,24
C002,Naila Iqbal,28,Female,Quetta,2023-07-12,ORD0010,2024-03-26,Beauty,Lip Balm,2799,3,8397,JazzCash,No,0,1,7,Tablet,25
C002,Naila Iqbal,28,Female,Quetta,2023-07-12,ORD0011,2024-04-09,Toys,Play Dough,4254,2,6806,Debit Card,Yes,20,4,40,Mobile,26
C002,Naila Iqbal,28,Female,Quetta,2023-07-12,ORD0012,2024-07-11,Health,Eye Drops,1009,2,2018,EasyPaisa,No,0,4,44,Mobile,27
C002,Naila Iqbal,28,Female,Quetta,2023-07-12,ORD0013,2024-06-12,Accessories,Watch Strap,1737,4,5558,JazzCash,Yes,20,5,33,Mobile,28
C003,Ayesha Shah,54,Female,Islamabad,2023-06-04,ORD0014,2024-12-30,Clothing,Trouser,2845,1,2418,Debit Card,Yes,15,3,41,Tablet,24
C003,Ayesha Shah,54,Female,Islamabad,2023-06-04,ORD0015,2024-02-23,Beauty,Face Mask,3476,1,3476,EasyPaisa,No,0,4,8,Tablet,25
C003,Ayesha Shah,54,Female,Islamabad,2023-06-04,ORD0016,2024-08-20,Accessories,Belt,557,3,1671,Credit Card,No,0,5,45,Tablet,26
C003,Ayesha Shah,54,Female,Islamabad,2023-06-04,ORD0017,2024-03-10,Toys,Board Game,4564,2,9128,JazzCash,No,0,3,41,Desktop,27
C003,Ayesha Shah,54,Female,Islamabad,2023-06-04,ORD0018,2024-03-30,Clothing,Hoodie,3925,1,3925,Cash on Delivery,No,0,3,12,Mobile,28
C003,Ayesha Shah,54,Female,Islamabad,2023-06-04,ORD0019,2024-05-06,Health,Eye Drops,4200,1,3780,Credit Card,Yes,10,4,57,Desktop,29
C003,Ayesha Shah,54,Female,Islamabad,2023-06-04,ORD0020,2025-03-08,Clothing,Trouser,1225,1,980,JazzCash,Yes,20,5,17,Tablet,30
C003,Ayesha Shah,54,Female,Islamabad,2023-06-04,ORD0021,2024-06-29,Electronics,Keyboard,11561,3,34683,Debit Card,No,0,5,5,Mobile,31
C004,Samina Sheikh,25,Female,Islamabad,2023-11-19,ORD0022,2025-05-10,Clothing,Trouser,4276,1,4276,Cash on Delivery,No,0,1,49,Tablet,22
C004,Samina Sheikh,25,Female,Islamabad,2023-11-19,ORD0023,2024-05-30,Electronics,Laptop Stand,11051,4,44204,JazzCash,No,0,5,13,Mobile,23
C004,Samina Sheikh,25,Female,Islamabad,2023-11-19,ORD0024,2025-04-16,Sports,Football,3657,2,5851,EasyPaisa,Yes,20,5,60,Tablet,24
C004,Samina Sheikh,25,Female,Islamabad,2023-11-19,ORD0025,2024-10-23,Home & Kitchen,Blender,5529,2,9399,JazzCash,Yes,15,4,8,Tablet,25
C004,Samina Sheikh,25,Female,Islamabad,2023-11-19,ORD0026,2024-10-09,Health,Protein Powder,4872,2,8282,Debit Card,Yes,15,4,60,Desktop,26
C005,Usman Abbasi,53,Male,Peshawar,2023-11-09,ORD0027,2025-03-19,Food,Honey Jar,2115,4,7191,Debit Card,Yes,15,4,50,Mobile,12
C005,Usman Abbasi,53,Male,Peshawar,2023-11-09,ORD0028,2024-03-23,Clothing,Jacket,4058,3,12174,Credit Card,No,0,4,39,Desktop,13
C005,Usman Abbasi,53,Male,Peshawar,2023-11-09,ORD0029,2025-01-30,Electronics,Wireless Earbuds,11236,2,22472,JazzCash,No,0,4,35,Desktop,14
C005,Usman Abbasi,53,Male,Peshawar,2023-11-09,ORD0030,2024-02-01,Home & Kitchen,Water Bottle,5386,2,10772,EasyPaisa,No,0,1,11,Desktop,15
C005,Usman Abbasi,53,Male,Peshawar,2023-11-09,ORD0031,2025-04-25,Toys,Play Dough,3312,2,6624,JazzCash,No,0,3,26,Desktop,16
C006,Zain Ali,63,Male,Lahore,2023-10-20,ORD0032,2025-02-04,Health,First Aid Kit,3591,2,6823,EasyPaisa,Yes,5,5,12,Tablet,12
C006,Zain Ali,63,Male,Lahore,2023-10-20,ORD0033,2024-07-27,Health,First Aid Kit,1616,4,6464,Debit Card,No,0,3,7,Mobile,13
C006,Zain Ali,63,Male,Lahore,2023-10-20,ORD0034,2024-05-21,Accessories,Keychain,553,2,1106,Debit Card,No,0,3,15,Tablet,14
C006,Zain Ali,63,Male,Lahore,2023-10-20,ORD0035,2025-04-06,Home & Kitchen,Cutting Board,3768,1,3014,Cash on Delivery,Yes,20,4,15,Desktop,15
C006,Zain Ali,63,Male,Lahore,2023-10-20,ORD0036,2024-05-17,Books,Business Book,847,2,1694,Credit Card,No,0,3,14,Tablet,16
C006,Zain Ali,63,Male,Lahore,2023-10-20,ORD0037,2025-05-09,Beauty,Face Wash,1682,3,4541,Cash on Delivery,Yes,10,4,4,Tablet,17
C007,Uzma Shah,57,Female,Karachi,2023-06-20,ORD0038,2024-04-28,Books,Science Book,1222,4,4888,Cash on Delivery,No,0,5,50,Desktop,8
C007,Uzma Shah,57,Female,Karachi,2023-06-20,ORD0039,2024-12-24,Toys,Remote Car,4933,1,4933,EasyPaisa,No,0,2,51,Tablet,9
C007,Uzma Shah,57,Female,Karachi,2023-06-20,ORD0040,2024-07-31,Books,English Grammar,2152,4,8608,Cash on Delivery,No,0,4,52,Desktop,10
C007,Uzma Shah,57,Female,Karachi,2023-06-20,ORD0041,2025-03-18,Books,Self Help Book,2820,2,5640,EasyPaisa,No,0,3,50,Desktop,11
C007,Uzma Shah,57,Female,Karachi,2023-06-20,ORD0042,2024-02-21,Books,Islamic Studies,2170,2,4340,Cash on Delivery,No,0,5,6,Mobile,12
C008,Nadeem Mirza,32,Male,Multan,2023-07-21,ORD0043,2024-08-02,Food,Coffee Beans,1372,2,2744,JazzCash,No,0,2,29,Tablet,16
C008,Nadeem Mirza,32,Male,Multan,2023-07-21,ORD0044,2025-05-15,Food,Dry Fruits Pack,1839,3,5517,Debit Card,No,0,4,50,Mobile,17
C008,Nadeem Mirza,32,Male,Multan,2023-07-21,ORD0045,2023-12-31,Toys,Play Dough,3540,4,12744,JazzCash,Yes,10,3,59,Mobile,18
C008,Nadeem Mirza,32,Male,Multan,2023-07-21,ORD0046,2024-05-21,Sports,Running Shoes,2017,4,8068,EasyPaisa,No,0,1,12,Tablet,19
C008,Nadeem Mirza,32,Male,Multan,2023-07-21,ORD0047,2024-03-24,Books,History Book,1328,1,1328,JazzCash,No,0,4,2,Desktop,20
C008,Nadeem Mirza,32,Male,Multan,2023-07-21,ORD0048,2024-07-22,Home & Kitchen,Mug Set,5480,1,5480,Cash on Delivery,No,0,1,42,Desktop,21
C008,Nadeem Mirza,32,Male,Multan,2023-07-21,ORD0049,2024-01-05,Books,Data Science Guide,2559,4,8701,Debit Card,Yes,15,4,3,Tablet,22
C008,Nadeem Mirza,32,Male,Multan,2023-07-21,ORD0050,2025-01-26,Health,Vitamin Tablets,479,3,1293,Credit Card,Yes,10,5,49,Desktop,23
C009,Tahira Javed,62,Female,Hyderabad,2023-12-11,ORD0051,2024-04-05,Food,Coffee Beans,407,1,407,EasyPaisa,No,0,2,53,Mobile,29
C009,Tahira Javed,62,Female,Hyderabad,2023-12-11,ORD0052,2024-05-05,Health,Omega 3 Capsules,4820,1,4820,Debit Card,No,0,2,14,Desktop,30
C009,Tahira Javed,62,Female,Hyderabad,2023-12-11,ORD0053,2024-08-20,Home & Kitchen,Storage Container,862,4,3448,EasyPaisa,No,0,5,18,Tablet,31
C010,Kiran Mirza,43,Female,Hyderabad,2023-10-04,ORD0054,2024-08-30,Clothing,Kurta,2449,2,4898,EasyPaisa,No,0,1,14,Mobile,14
C010,Kiran Mirza,43,Female,Hyderabad,2023-10-04,ORD0055,2024-06-14,Home & Kitchen,Lunch Box,2166,3,6498,Credit Card,No,0,1,2,Mobile,15
C010,Kiran Mirza,43,Female,Hyderabad,2023-10-04,ORD0056,2024-06-03,Clothing,Jacket,3707,2,7414,Debit Card,No,0,4,15,Tablet,16
C011,Zain Ahmed,52,Male,Multan,2023-04-08,ORD0057,2024-05-06,Beauty,Shampoo,994,2,1988,Debit Card,No,0,4,56,Mobile,22
C011,Zain Ahmed,52,Male,Multan,2023-04-08,ORD0058,2024-03-18,Sports,Sports Bag,4541,1,4541,Cash on Delivery,No,0,4,55,Desktop,23
C011,Zain Ahmed,52,Male,Multan,2023-04-08,ORD0059,2024-03-03,Accessories,Wallet,1091,3,3273,Debit Card,No,0,2,10,Mobile,24
C011,Zain Ahmed,52,Male,Multan,2023-04-08,ORD0060,2024-03-13,Books,Fiction Novel,1641,3,4923,EasyPaisa,No,0,1,14,Desktop,25
C011,Zain Ahmed,52,Male,Multan,2023-04-08,ORD0061,2024-02-24,Food,Juice Box,2689,1,2286,Credit Card,Yes,15,4,57,Mobile,26
C012,Raza Malik,36,Male,Peshawar,2023-05-11,ORD0062,2024-05-06,Accessories,Wallet,858,3,2445,JazzCash,Yes,5,4,37,Desktop,0
C012,Raza Malik,36,Male,Peshawar,2023-05-11,ORD0063,2024-05-25,Beauty,Shampoo,1542,4,6168,Credit Card,No,0,3,40,Mobile,1
C012,Raza Malik,36,Male,Peshawar,2023-05-11,ORD0064,2024-12-01,Beauty,Body Lotion,2568,3,6548,JazzCash,Yes,15,4,26,Tablet,2
C012,Raza Malik,36,Male,Peshawar,2023-05-11,ORD0065,2024-08-29,Food,Honey Jar,1409,4,5072,JazzCash,Yes,10,4,20,Tablet,3
C012,Raza Malik,36,Male,Peshawar,2023-05-11,ORD0066,2024-07-22,Toys,Play Dough,3482,3,10446,Debit Card,No,0,3,60,Mobile,4
C013,Ahmed Javed,40,Male,Faisalabad,2023-05-23,ORD0067,2024-03-18,Sports,Sports Bag,2056,4,6990,Debit Card,Yes,15,4,15,Tablet,12
C013,Ahmed Javed,40,Male,Faisalabad,2023-05-23,ORD0068,2025-01-18,Toys,Stuffed Toy,2734,2,5468,JazzCash,No,0,5,40,Desktop,13
C013,Ahmed Javed,40,Male,Faisalabad,2023-05-23,ORD0069,2025-05-25,Electronics,Laptop Stand,6798,4,27192,Debit Card,No,0,5,40,Tablet,14
C013,Ahmed Javed,40,Male,Faisalabad,2023-05-23,ORD0070,2024-02-25,Beauty,Body Lotion,2079,3,6237,EasyPaisa,No,0,4,13,Tablet,15
C013,Ahmed Javed,40,Male,Faisalabad,2023-05-23,ORD0071,2024-05-17,Toys,Doll,2735,1,2735,JazzCash,No,0,3,41,Mobile,16
C013,Ahmed Javed,40,Male,Faisalabad,2023-05-23,ORD0072,2024-02-25,Accessories,Ring,514,1,514,Debit Card,No,0,4,32,Desktop,17
C013,Ahmed Javed,40,Male,Faisalabad,2023-05-23,ORD0073,2024-12-10,Sports,Yoga Mat,4876,2,9752,Cash on Delivery,No,0,3,29,Desktop,18
C014,Sana Ali,43,Female,Hyderabad,2024-03-08,ORD0074,2024-01-13,Accessories,Backpack,336,3,1008,EasyPaisa,No,0,3,52,Desktop,0
C014,Sana Ali,43,Female,Hyderabad,2024-03-08,ORD0075,2024-08-02,Health,Vitamin Tablets,851,4,2723,Cash on Delivery,Yes,20,5,45,Tablet,1
C014,Sana Ali,43,Female,Hyderabad,2024-03-08,ORD0076,2024-08-28,Food,Chocolate Box,2285,1,2285,EasyPaisa,No,0,3,46,Tablet,2
C014,Sana Ali,43,Female,Hyderabad,2024-03-08,ORD0077,2024-12-29,Health,Thermometer,346,4,1246,JazzCash,Yes,10,5,36,Tablet,3
C015,Zain Dar,35,Male,Rawalpindi,2023-12-18,ORD0078,2024-04-29,Beauty,Face Wash,280,1,280,JazzCash,No,0,3,5,Mobile,27
C015,Zain Dar,35,Male,Rawalpindi,2023-12-18,ORD0079,2025-04-21,Health,Hand Sanitizer,4062,2,8124,Debit Card,No,0,3,7,Tablet,28
C015,Zain Dar,35,Male,Rawalpindi,2023-12-18,ORD0080,2024-08-18,Sports,Sports Bottle,808,1,687,Credit Card,Yes,15,5,49,Tablet,29
C015,Zain Dar,35,Male,Rawalpindi,2023-12-18,ORD0081,2024-05-20,Books,Islamic Studies,470,2,940,EasyPaisa,No,0,2,30,Tablet,30
C016,Maryam Shah,60,Female,Quetta,2023-12-09,ORD0082,2024-11-08,Food,Rice Bag,434,4,1736,Cash on Delivery,No,0,3,3,Desktop,1
C016,Maryam Shah,60,Female,Quetta,2023-12-09,ORD0083,2025-05-13,Home & Kitchen,Knife Set,1816,2,3632,JazzCash,No,0,5,56,Tablet,2
C016,Maryam Shah,60,Female,Quetta,2023-12-09,ORD0084,2025-02-23,Health,Pain Relief Gel,2982,1,2982,JazzCash,No,0,1,42,Mobile,3
C017,Uzma Ali,30,Female,Lahore,2023-04-24,ORD0085,2024-11-28,Clothing,T-Shirt,4399,3,11217,Cash on Delivery,Yes,15,4,47,Desktop,15
C017,Uzma Ali,30,Female,Lahore,2023-04-24,ORD0086,2025-01-22,Sports,Dumbbells,5535,3,16605,JazzCash,No,0,3,59,Tablet,16
C017,Uzma Ali,30,Female,Lahore,2023-04-24,ORD0087,2024-05-12,Accessories,Cap,3171,1,3171,JazzCash,No,0,5,42,Mobile,17
C017,Uzma Ali,30,Female,Lahore,2023-04-24,ORD0088,2024-09-03,Sports,Sports Bottle,5422,1,5422,JazzCash,No,0,1,16,Tablet,18
C017,Uzma Ali,30,Female,Lahore,2023-04-24,ORD0089,2024-01-24,Electronics,Laptop Stand,4247,1,4247,Debit Card,No,0,2,54,Desktop,19
C018,Faisal Sheikh,38,Male,Lahore,2023-04-11,ORD0090,2024-03-21,Electronics,USB Cable,13932,3,41796,Cash on Delivery,No,0,3,17,Mobile,17
C018,Faisal Sheikh,38,Male,Lahore,2023-04-11,ORD0091,2024-12-04,Accessories,Cap,440,1,374,Debit Card,Yes,15,4,9,Desktop,18
C018,Faisal Sheikh,38,Male,Lahore,2023-04-11,ORD0092,2024-03-31,Food,Juice Box,353,1,353,Credit Card,No,0,4,6,Desktop,19
C018,Faisal Sheikh,38,Male,Lahore,2023-04-11,ORD0093,2024-04-20,Beauty,Moisturizer,3653,4,14612,Cash on Delivery,No,0,2,17,Desktop,20
C018,Faisal Sheikh,38,Male,Lahore,2023-04-11,ORD0094,2024-10-26,Clothing,Shorts,4895,3,14685,JazzCash,No,0,3,26,Tablet,21
C018,Faisal Sheikh,38,Male,Lahore,2023-04-11,ORD0095,2024-05-08,Accessories,Keychain,2615,1,2615,Credit Card,No,0,4,26,Mobile,22
C018,Faisal Sheikh,38,Male,Lahore,2023-04-11,ORD0096,2024-09-25,Clothing,Formal Shirt,2741,2,4934,EasyPaisa,Yes,10,3,26,Mobile,23
C019,Nadeem Raza,34,Male,Islamabad,2024-06-26,ORD0097,2024-04-03,Home & Kitchen,Knife Set,1071,3,3213,Debit Card,No,0,4,56,Mobile,2
C019,Nadeem Raza,34,Male,Islamabad,2024-06-26,ORD0098,2025-01-09,Beauty,Lip Balm,2964,4,10078,Credit Card,Yes,15,4,28,Mobile,3
C019,Nadeem Raza,34,Male,Islamabad,2024-06-26,ORD0099,2024-12-15,Health,Mask Pack,682,3,2046,JazzCash,No,0,1,38,Mobile,4
C019,Nadeem Raza,34,Male,Islamabad,2024-06-26,ORD0100,2024-04-26,Home & Kitchen,Mug Set,3388,2,6776,Cash on Delivery,No,0,3,53,Mobile,5
C019,Nadeem Raza,34,Male,Islamabad,2024-06-26,ORD0101,2024-12-28,Food,Chocolate Box,2385,4,8586,Credit Card,Yes,10,3,38,Desktop,6
C020,Ahmed Khan,46,Male,Faisalabad,2024-05-17,ORD0102,2025-03-13,Health,Vitamin Tablets,4615,4,18460,Cash on Delivery,No,0,3,16,Desktop,17
C020,Ahmed Khan,46,Male,Faisalabad,2024-05-17,ORD0103,2024-11-04,Sports,Yoga Mat,3469,3,10407,EasyPaisa,No,0,4,34,Tablet,18
C020,Ahmed Khan,46,Male,Faisalabad,2024-05-17,ORD0104,2024-12-21,Beauty,Nail Polish,1601,2,2562,JazzCash,Yes,20,2,47,Desktop,19
C021,Asad Ahmed,41,Male,Islamabad,2024-06-23,ORD0105,2024-12-02,Food,Spice Set,2223,1,2223,Credit Card,No,0,5,5,Mobile,8
C021,Asad Ahmed,41,Male,Islamabad,2024-06-23,ORD0106,2025-04-01,Electronics,Wireless Earbuds,4100,1,4100,Debit Card,No,0,3,38,Mobile,9
C021,Asad Ahmed,41,Male,Islamabad,2024-06-23,ORD0107,2024-12-02,Health,Hand Sanitizer,2986,2,5972,Credit Card,No,0,1,28,Mobile,10
C021,Asad Ahmed,41,Male,Islamabad,2024-06-23,ORD0108,2024-07-04,Books,English Grammar,1231,4,4924,Credit Card,No,0,3,14,Tablet,11
C021,Asad Ahmed,41,Male,Islamabad,2024-06-23,ORD0109,2024-03-12,Accessories,Keychain,284,1,284,EasyPaisa,No,0,1,22,Desktop,12
C021,Asad Ahmed,41,Male,Islamabad,2024-06-23,ORD0110,2024-02-03,Health,Pain Relief Gel,4476,2,8504,Credit Card,Yes,5,4,45,Tablet,13
C021,Asad Ahmed,41,Male,Islamabad,2024-06-23,ORD0111,2024-10-01,Home & Kitchen,Plate Set,4471,3,13413,Credit Card,No,0,4,24,Mobile,14
C021,Asad Ahmed,41,Male,Islamabad,2024-06-23,ORD0112,2024-08-13,Beauty,Lip Balm,203,2,406,Debit Card,No,0,3,57,Mobile,15
C022,Ayesha Ahmed,46,Female,Hyderabad,2023-02-19,ORD0113,2024-03-17,Clothing,Polo Shirt,2358,3,7074,Cash on Delivery,No,0,1,12,Tablet,30
C022,Ayesha Ahmed,46,Female,Hyderabad,2023-02-19,ORD0114,2024-02-08,Electronics,Smart Watch,10609,1,10079,JazzCash,Yes,5,2,20,Desktop,31
C022,Ayesha Ahmed,46,Female,Hyderabad,2023-02-19,ORD0115,2024-07-29,Home & Kitchen,Cooking Pan,4720,3,13452,Credit Card,Yes,5,4,52,Desktop,32
C022,Ayesha Ahmed,46,Female,Hyderabad,2023-02-19,ORD0116,2025-03-23,Books,Fiction Novel,989,3,2967,EasyPaisa,No,0,5,22,Tablet,33
C022,Ayesha Ahmed,46,Female,Hyderabad,2023-02-19,ORD0117,2024-08-01,Clothing,Jacket,1885,4,7163,Cash on Delivery,Yes,5,2,20,Tablet,34
C022,Ayesha Ahmed,46,Female,Hyderabad,2023-02-19,ORD0118,2025-05-25,Electronics,USB Cable,12171,2,24342,EasyPaisa,No,0,5,43,Mobile,35
C022,Ayesha Ahmed,46,Female,Hyderabad,2023-02-19,ORD0119,2024-10-25,Health,BP Monitor,352,3,1056,Cash on Delivery,No,0,1,18,Desktop,36
C022,Ayesha Ahmed,46,Female,Hyderabad,2023-02-19,ORD0120,2024-03-07,Food,Rice Bag,699,4,2796,Cash on Delivery,No,0,5,45,Mobile,37
C023,Mehwish Mirza,51,Female,Karachi,2023-07-09,ORD0121,2024-09-13,Electronics,Bluetooth Speaker,6706,1,6371,Credit Card,Yes,5,5,42,Desktop,9
C023,Mehwish Mirza,51,Female,Karachi,2023-07-09,ORD0122,2024-03-20,Food,Dry Fruits Pack,2739,2,4930,JazzCash,Yes,10,2,14,Tablet,10
C023,Mehwish Mirza,51,Female,Karachi,2023-07-09,ORD0123,2024-07-11,Beauty,Nail Polish,3690,2,6273,JazzCash,Yes,15,4,17,Tablet,11
C023,Mehwish Mirza,51,Female,Karachi,2023-07-09,ORD0124,2024-10-08,Clothing,Polo Shirt,1914,3,5742,Debit Card,No,0,1,60,Desktop,12
C023,Mehwish Mirza,51,Female,Karachi,2023-07-09,ORD0125,2024-09-02,Toys,Building Blocks,1584,4,5386,Cash on Delivery,Yes,15,2,14,Mobile,13
C023,Mehwish Mirza,51,Female,Karachi,2023-07-09,ORD0126,2024-08-26,Accessories,Scarf,2996,3,8539,Debit Card,Yes,5,3,17,Desktop,14
C023,Mehwish Mirza,51,Female,Karachi,2023-07-09,ORD0127,2024-08-04,Home & Kitchen,Tea Set,7407,3,22221,JazzCash,No,0,3,40,Tablet,15
C024,Bilal Qureshi,18,Male,Faisalabad,2024-06-29,ORD0128,2024-01-26,Health,Vitamin Tablets,2369,3,7107,JazzCash,No,0,5,19,Desktop,23
C024,Bilal Qureshi,18,Male,Faisalabad,2024-06-29,ORD0129,2024-01-19,Home & Kitchen,Storage Container,4330,2,8660,Credit Card,No,0,1,22,Mobile,24
C024,Bilal Qureshi,18,Male,Faisalabad,2024-06-29,ORD0130,2025-05-11,Clothing,T-Shirt,3235,1,3235,Cash on Delivery,No,0,4,41,Mobile,25
C024,Bilal Qureshi,18,Male,Faisalabad,2024-06-29,ORD0131,2024-01-07,Sports,Dumbbells,3826,4,15304,EasyPaisa,No,0,5,33,Mobile,26
C024,Bilal Qureshi,18,Male,Faisalabad,2024-06-29,ORD0132,2025-05-12,Food,Chocolate Box,2046,4,8184,Cash on Delivery,No,0,5,6,Tablet,27
C024,Bilal Qureshi,18,Male,Faisalabad,2024-06-29,ORD0133,2025-04-28,Accessories,Wallet,1309,2,2618,Cash on Delivery,No,0,2,22,Mobile,28
C024,Bilal Qureshi,18,Male,Faisalabad,2024-06-29,ORD0134,2024-02-02,Books,Islamic Studies,2190,2,3504,Cash on Delivery,Yes,20,5,53,Tablet,29
C024,Bilal Qureshi,18,Male,Faisalabad,2024-06-29,ORD0135,2025-03-07,Toys,Building Blocks,1316,3,3948,Credit Card,No,0,5,15,Tablet,30
C025,Hassan Malik,57,Male,Lahore,2023-08-18,ORD0136,2024-07-05,Home & Kitchen,Tea Set,3719,3,11157,EasyPaisa,No,0,3,2,Mobile,12
C025,Hassan Malik,57,Male,Lahore,2023-08-18,ORD0137,2024-05-03,Clothing,Shorts,3635,1,3635,JazzCash,No,0,3,56,Mobile,13
C025,Hassan Malik,57,Male,Lahore,2023-08-18,ORD0138,2024-04-20,Toys,Building Blocks,731,3,2193,JazzCash,No,0,1,15,Tablet,14
C026,Faisal Hashmi,32,Male,Peshawar,2023-12-27,ORD0139,2024-10-28,Health,Mask Pack,4805,4,19220,JazzCash,No,0,2,44,Mobile,5
C026,Faisal Hashmi,32,Male,Peshawar,2023-12-27,ORD0140,2024-05-18,Food,Spice Set,104,2,208,Credit Card,No,0,1,9,Mobile,6
C026,Faisal Hashmi,32,Male,Peshawar,2023-12-27,ORD0141,2025-02-21,Accessories,Watch Strap,2592,1,2462,Debit Card,Yes,5,3,21,Desktop,7
C026,Faisal Hashmi,32,Male,Peshawar,2023-12-27,ORD0142,2024-05-06,Food,Tea Pack,2941,2,5882,JazzCash,No,0,2,34,Mobile,8
C026,Faisal Hashmi,32,Male,Peshawar,2023-12-27,ORD0143,2024-10-21,Accessories,Cap,2009,4,7232,Cash on Delivery,Yes,10,3,36,Desktop,9
C026,Faisal Hashmi,32,Male,Peshawar,2023-12-27,ORD0144,2024-10-01,Electronics,Keyboard,6890,3,20670,EasyPaisa,No,0,1,45,Mobile,10
C026,Faisal Hashmi,32,Male,Peshawar,2023-12-27,ORD0145,2025-04-17,Health,Omega 3 Capsules,1105,3,3315,JazzCash,No,0,5,7,Desktop,11
C026,Faisal Hashmi,32,Male,Peshawar,2023-12-27,ORD0146,2024-03-21,Sports,Yoga Mat,896,1,806,Cash on Delivery,Yes,10,5,10,Desktop,12
C027,Naila Siddiqui,36,Female,Karachi,2024-01-26,ORD0147,2024-07-14,Books,Data Science Guide,2354,4,9416,JazzCash,No,0,2,11,Tablet,18
C027,Naila Siddiqui,36,Female,Karachi,2024-01-26,ORD0148,2024-04-20,Health,First Aid Kit,2850,1,2850,Credit Card,No,0,2,51,Tablet,19
C027,Naila Siddiqui,36,Female,Karachi,2024-01-26,ORD0149,2024-11-06,Accessories,Watch Strap,2389,1,2389,JazzCash,No,0,1,59,Tablet,20
C027,Naila Siddiqui,36,Female,Karachi,2024-01-26,ORD0150,2025-05-13,Health,Vitamin Tablets,4702,3,14106,Credit Card,No,0,1,31,Tablet,21
C027,Naila Siddiqui,36,Female,Karachi,2024-01-26,ORD0151,2025-04-28,Accessories,Sunglasses,1306,1,1241,JazzCash,Yes,5,3,45,Desktop,22
C027,Naila Siddiqui,36,Female,Karachi,2024-01-26,ORD0152,2025-05-20,Accessories,Wallet,3621,1,3621,JazzCash,No,0,2,30,Desktop,23
C027,Naila Siddiqui,36,Female,Karachi,2024-01-26,ORD0153,2024-07-23,Home & Kitchen,Water Bottle,4402,1,4402,Credit Card,No,0,4,47,Mobile,24
C027,Naila Siddiqui,36,Female,Karachi,2024-01-26,ORD0154,2025-02-05,Sports,Sports Bottle,3328,4,13312,JazzCash,No,0,2,41,Tablet,25
C028,Zain Shah,35,Male,Multan,2023-08-31,ORD0155,2025-02-13,Food,Dry Fruits Pack,785,4,3140,EasyPaisa,No,0,5,29,Tablet,21
C028,Zain Shah,35,Male,Multan,2023-08-31,ORD0156,2025-02-08,Beauty,Shampoo,810,3,1944,Cash on Delivery,Yes,20,4,16,Tablet,22
C028,Zain Shah,35,Male,Multan,2023-08-31,ORD0157,2024-11-26,Toys,Color Set,3448,1,3448,JazzCash,No,0,5,6,Tablet,23
C028,Zain Shah,35,Male,Multan,2023-08-31,ORD0158,2024-10-17,Toys,Puzzle Set,2501,4,8503,EasyPaisa,Yes,15,2,24,Mobile,24
C029,Faisal Iqbal,48,Male,Faisalabad,2023-12-22,ORD0159,2024-04-08,Electronics,Mouse,7621,4,30484,JazzCash,No,0,3,29,Desktop,16
C029,Faisal Iqbal,48,Male,Faisalabad,2023-12-22,ORD0160,2025-03-18,Electronics,Smart Watch,7446,3,18987,Debit Card,Yes,15,2,31,Tablet,17
C029,Faisal Iqbal,48,Male,Faisalabad,2023-12-22,ORD0161,2025-05-17,Beauty,Hair Oil,1193,4,4772,EasyPaisa,No,0,2,39,Mobile,18
C029,Faisal Iqbal,48,Male,Faisalabad,2023-12-22,ORD0162,2024-04-11,Beauty,Hair Oil,3364,3,10092,Credit Card,No,0,2,4,Desktop,19
C029,Faisal Iqbal,48,Male,Faisalabad,2023-12-22,ORD0163,2024-01-24,Home & Kitchen,Cooking Pan,473,4,1514,JazzCash,Yes,20,2,22,Mobile,20
C029,Faisal Iqbal,48,Male,Faisalabad,2023-12-22,ORD0164,2025-05-02,Clothing,Trouser,3677,4,14708,Debit Card,No,0,4,36,Mobile,21
C029,Faisal Iqbal,48,Male,Faisalabad,2023-12-22,ORD0165,2025-01-31,Books,Data Science Guide,2641,2,5282,Credit Card,No,0,2,43,Mobile,22
C029,Faisal Iqbal,48,Male,Faisalabad,2023-12-22,ORD0166,2024-06-27,Electronics,Wireless Earbuds,12677,1,10142,Credit Card,Yes,20,3,14,Desktop,23
C030,Iqra Nawaz,57,Female,Lahore,2023-01-01,ORD0167,2024-11-05,Sports,Sports Bag,4505,4,18020,Cash on Delivery,No,0,5,43,Desktop,25
C030,Iqra Nawaz,57,Female,Lahore,2023-01-01,ORD0168,2025-01-26,Toys,Play Dough,1809,4,7236,JazzCash,No,0,5,60,Mobile,26
C030,Iqra Nawaz,57,Female,Lahore,2023-01-01,ORD0169,2024-01-25,Food,Biscuit Pack,2423,2,4119,EasyPaisa,Yes,15,4,35,Desktop,27
C030,Iqra Nawaz,57,Female,Lahore,2023-01-01,ORD0170,2024-11-25,Clothing,Kurta,2513,1,2387,Cash on Delivery,Yes,5,4,6,Tablet,28
C030,Iqra Nawaz,57,Female,Lahore,2023-01-01,ORD0171,2024-07-13,Electronics,Keyboard,9332,3,27996,JazzCash,No,0,1,47,Desktop,29
C030,Iqra Nawaz,57,Female,Lahore,2023-01-01,ORD0172,2025-01-12,Beauty,Face Mask,2117,2,4234,JazzCash,No,0,3,56,Mobile,30
C030,Iqra Nawaz,57,Female,Lahore,2023-01-01,ORD0173,2024-07-24,Toys,Remote Car,1863,4,5962,Cash on Delivery,Yes,20,3,50,Mobile,31
C031,Kamran Siddiqui,64,Male,Karachi,2023-11-25,ORD0174,2025-01-23,Food,Biscuit Pack,2218,2,3771,EasyPaisa,Yes,15,2,13,Desktop,9
C031,Kamran Siddiqui,64,Male,Karachi,2023-11-25,ORD0175,2024-07-03,Accessories,Scarf,321,2,578,Debit Card,Yes,10,2,59,Mobile,10
C031,Kamran Siddiqui,64,Male,Karachi,2023-11-25,ORD0176,2024-09-13,Toys,Action Figure,3311,1,3311,Debit Card,No,0,2,42,Mobile,11
C031,Kamran Siddiqui,64,Male,Karachi,2023-11-25,ORD0177,2024-04-29,Electronics,USB Cable,11354,3,34062,JazzCash,No,0,1,45,Tablet,12
C032,Shahid Raza,62,Male,Karachi,2023-12-10,ORD0178,2024-06-19,Home & Kitchen,Knife Set,1193,4,4772,EasyPaisa,No,0,2,17,Desktop,27
C032,Shahid Raza,62,Male,Karachi,2023-12-10,ORD0179,2024-10-08,Books,History Book,2467,4,9868,Debit Card,No,0,3,35,Tablet,28
C032,Shahid Raza,62,Male,Karachi,2023-12-10,ORD0180,2024-06-08,Clothing,T-Shirt,3985,4,15940,JazzCash,No,0,2,59,Desktop,29
C032,Shahid Raza,62,Male,Karachi,2023-12-10,ORD0181,2024-06-08,Sports,Sports Bottle,4479,1,3583,EasyPaisa,Yes,20,4,46,Tablet,30
C032,Shahid Raza,62,Male,Karachi,2023-12-10,ORD0182,2024-08-10,Beauty,Lip Balm,2563,3,7689,EasyPaisa,No,0,3,5,Desktop,31
C032,Shahid Raza,62,Male,Karachi,2023-12-10,ORD0183,2024-05-11,Accessories,Watch Strap,1025,2,2050,JazzCash,No,0,3,15,Mobile,32
C032,Shahid Raza,62,Male,Karachi,2023-12-10,ORD0184,2024-09-20,Toys,Stuffed Toy,1968,1,1968,Cash on Delivery,No,0,1,56,Tablet,33
C032,Shahid Raza,62,Male,Karachi,2023-12-10,ORD0185,2024-04-11,Books,Islamic Studies,611,4,2444,EasyPaisa,No,0,1,55,Tablet,34
C033,Amna Qureshi,43,Female,Karachi,2024-01-11,ORD0186,2025-01-18,Beauty,Lip Balm,1691,1,1691,JazzCash,No,0,5,26,Desktop,30
C033,Amna Qureshi,43,Female,Karachi,2024-01-11,ORD0187,2024-06-20,Health,Pain Relief Gel,2173,4,7388,Cash on Delivery,Yes,15,2,28,Tablet,31
C033,Amna Qureshi,43,Female,Karachi,2024-01-11,ORD0188,2024-04-25,Electronics,Laptop Stand,3775,4,15100,Cash on Delivery,No,0,3,30,Mobile,32
C033,Amna Qureshi,43,Female,Karachi,2024-01-11,ORD0189,2024-07-20,Books,Business Book,1848,3,5544,JazzCash,No,0,4,53,Mobile,33
C034,Zara Ahmed,59,Female,Faisalabad,2023-09-22,ORD0190,2025-04-08,Food,Biscuit Pack,2189,2,4378,EasyPaisa,No,0,1,10,Tablet,10
C034,Zara Ahmed,59,Female,Faisalabad,2023-09-22,ORD0191,2024-05-30,Clothing,Hoodie,1721,2,3442,Credit Card,No,0,2,15,Mobile,11
C034,Zara Ahmed,59,Female,Faisalabad,2023-09-22,ORD0192,2025-01-21,Toys,Puzzle Set,4830,4,18354,Credit Card,Yes,5,4,57,Mobile,12
C035,Kiran Qureshi,43,Female,Lahore,2023-11-20,ORD0193,2025-03-29,Accessories,Watch Strap,3691,2,6275,Credit Card,Yes,15,4,21,Desktop,17
C035,Kiran Qureshi,43,Female,Lahore,2023-11-20,ORD0194,2025-01-07,Health,Omega 3 Capsules,2410,1,2290,Cash on Delivery,Yes,5,2,47,Tablet,18
C035,Kiran Qureshi,43,Female,Lahore,2023-11-20,ORD0195,2024-04-20,Toys,Building Blocks,3384,2,6768,JazzCash,No,0,1,17,Mobile,19
C035,Kiran Qureshi,43,Female,Lahore,2023-11-20,ORD0196,2024-03-27,Toys,Puzzle Set,1752,4,7008,Debit Card,No,0,1,22,Mobile,20
C036,Hira Khan,49,Female,Islamabad,2023-03-27,ORD0197,2025-01-02,Books,Fiction Novel,2765,2,4701,EasyPaisa,Yes,15,3,17,Mobile,8
C036,Hira Khan,49,Female,Islamabad,2023-03-27,ORD0198,2024-10-26,Books,Business Book,2360,4,8968,Cash on Delivery,Yes,5,5,27,Mobile,9
C036,Hira Khan,49,Female,Islamabad,2023-03-27,ORD0199,2024-10-13,Accessories,Belt,2856,4,11424,EasyPaisa,No,0,3,3,Mobile,10
C036,Hira Khan,49,Female,Islamabad,2023-03-27,ORD0200,2025-05-14,Home & Kitchen,Mug Set,6455,3,19365,JazzCash,No,0,5,14,Desktop,11
C036,Hira Khan,49,Female,Islamabad,2023-03-27,ORD0201,2024-09-28,Clothing,Polo Shirt,1498,4,5992,Debit Card,No,0,3,10,Desktop,12
C036,Hira Khan,49,Female,Islamabad,2023-03-27,ORD0202,2024-03-11,Sports,Dumbbells,1024,2,2048,Credit Card,No,0,2,23,Desktop,13
C036,Hira Khan,49,Female,Islamabad,2023-03-27,ORD0203,2024-07-06,Food,Chocolate Box,1817,1,1726,Debit Card,Yes,5,3,44,Desktop,14
C037,Uzma Malik,40,Female,Hyderabad,2023-01-01,ORD0204,2025-04-10,Accessories,Wallet,3671,4,13216,EasyPaisa,Yes,10,2,54,Tablet,27
C037,Uzma Malik,40,Female,Hyderabad,2023-01-01,ORD0205,2025-03-28,Toys,Puzzle Set,1288,1,1288,EasyPaisa,No,0,5,26,Tablet,28
C037,Uzma Malik,40,Female,Hyderabad,2023-01-01,ORD0206,2025-03-23,Electronics,Phone Case,10674,2,20281,Debit Card,Yes,5,5,49,Mobile,29
C037,Uzma Malik,40,Female,Hyderabad,2023-01-01,ORD0207,2024-06-15,Home & Kitchen,Water Bottle,4430,2,7531,EasyPaisa,Yes,15,3,13,Mobile,30
C037,Uzma Malik,40,Female,Hyderabad,2023-01-01,ORD0208,2024-02-09,Food,Snack Pack,1499,1,1424,Credit Card,Yes,5,4,43,Mobile,31
C037,Uzma Malik,40,Female,Hyderabad,2023-01-01,ORD0209,2024-12-10,Accessories,Wallet,1990,2,3980,Debit Card,No,0,2,48,Desktop,32
C037,Uzma Malik,40,Female,Hyderabad,2023-01-01,ORD0210,2024-02-12,Beauty,Body Lotion,3623,2,5797,Debit Card,Yes,20,5,54,Tablet,33
C038,Naila Ahmed,43,Female,Hyderabad,2023-09-29,ORD0211,2024-09-19,Health,Protein Powder,2088,3,6264,EasyPaisa,No,0,2,52,Mobile,24
C038,Naila Ahmed,43,Female,Hyderabad,2023-09-29,ORD0212,2024-11-24,Beauty,Body Lotion,3722,3,11166,JazzCash,No,0,1,32,Mobile,25
C038,Naila Ahmed,43,Female,Hyderabad,2023-09-29,ORD0213,2024-07-16,Beauty,Shampoo,2661,1,2528,Credit Card,Yes,5,5,60,Tablet,26
C039,Omar Dar,49,Male,Hyderabad,2024-06-07,ORD0214,2024-03-08,Food,Honey Jar,1021,1,1021,JazzCash,No,0,2,4,Tablet,3
C039,Omar Dar,49,Male,Hyderabad,2024-06-07,ORD0215,2025-02-06,Toys,Action Figure,1670,1,1670,JazzCash,No,0,2,16,Desktop,4
C039,Omar Dar,49,Male,Hyderabad,2024-06-07,ORD0216,2024-05-22,Sports,Sports Bag,6060,3,18180,Cash on Delivery,No,0,1,10,Tablet,5
C039,Omar Dar,49,Male,Hyderabad,2024-06-07,ORD0217,2025-02-09,Food,Tea Pack,309,3,788,Debit Card,Yes,15,3,54,Mobile,6
C039,Omar Dar,49,Male,Hyderabad,2024-06-07,ORD0218,2024-04-15,Health,Mask Pack,3446,1,3446,Debit Card,No,0,1,57,Desktop,7
C039,Omar Dar,49,Male,Hyderabad,2024-06-07,ORD0219,2024-01-21,Books,Business Book,2677,1,2677,Credit Card,No,0,3,49,Mobile,8
C039,Omar Dar,49,Male,Hyderabad,2024-06-07,ORD0220,2025-05-17,Home & Kitchen,Water Bottle,2556,4,9713,JazzCash,Yes,5,4,8,Mobile,9
C039,Omar Dar,49,Male,Hyderabad,2024-06-07,ORD0221,2025-04-02,Sports,Yoga Mat,2255,2,4510,Debit Card,No,0,1,60,Desktop,10
C040,Imran Butt,24,Male,Sialkot,2023-03-22,ORD0222,2024-07-13,Health,Thermometer,4492,2,8984,Cash on Delivery,No,0,1,15,Mobile,16
C040,Imran Butt,24,Male,Sialkot,2023-03-22,ORD0223,2025-02-14,Clothing,Jeans,4836,4,19344,Credit Card,No,0,5,7,Tablet,17
C040,Imran Butt,24,Male,Sialkot,2023-03-22,ORD0224,2024-04-15,Home & Kitchen,Knife Set,2609,3,7827,EasyPaisa,No,0,1,10,Tablet,18
C040,Imran Butt,24,Male,Sialkot,2023-03-22,ORD0225,2024-02-19,Clothing,Jeans,714,2,1428,JazzCash,No,0,2,36,Desktop,19
C040,Imran Butt,24,Male,Sialkot,2023-03-22,ORD0226,2025-04-01,Books,Science Book,2152,4,7747,Credit Card,Yes,10,5,9,Tablet,20
C041,Amna Siddiqui,28,Female,Multan,2024-03-31,ORD0227,2024-11-22,Electronics,Webcam,11582,1,11582,JazzCash,No,0,3,21,Mobile,3
C041,Amna Siddiqui,28,Female,Multan,2024-03-31,ORD0228,2025-04-14,Food,Dry Fruits Pack,1778,2,3556,Debit Card,No,0,5,59,Desktop,4
C041,Amna Siddiqui,28,Female,Multan,2024-03-31,ORD0229,2024-12-01,Books,Self Help Book,746,4,2984,Debit Card,No,0,1,43,Mobile,5
C041,Amna Siddiqui,28,Female,Multan,2024-03-31,ORD0230,2025-04-09,Accessories,Scarf,3272,2,6544,JazzCash,No,0,1,7,Desktop,6
C041,Amna Siddiqui,28,Female,Multan,2024-03-31,ORD0231,2025-02-09,Home & Kitchen,Cutting Board,6548,3,19644,Cash on Delivery,No,0,3,43,Mobile,7
C041,Amna Siddiqui,28,Female,Multan,2024-03-31,ORD0232,2024-10-14,Accessories,Belt,261,1,261,Debit Card,No,0,1,29,Desktop,8
C041,Amna Siddiqui,28,Female,Multan,2024-03-31,ORD0233,2025-04-25,Sports,Football,821,2,1560,EasyPaisa,Yes,5,4,34,Desktop,9
C041,Amna Siddiqui,28,Female,Multan,2024-03-31,ORD0234,2024-10-06,Electronics,USB Cable,12389,3,37167,EasyPaisa,No,0,4,22,Mobile,10
C042,Imran Chaudhry,50,Male,Lahore,2024-05-01,ORD0235,2024-12-14,Books,Science Book,1729,3,5187,JazzCash,No,0,1,48,Tablet,7
C042,Imran Chaudhry,50,Male,Lahore,2024-05-01,ORD0236,2024-08-29,Beauty,Hair Oil,3257,1,2606,JazzCash,Yes,20,5,50,Tablet,8
C042,Imran Chaudhry,50,Male,Lahore,2024-05-01,ORD0237,2025-02-25,Electronics,Keyboard,14636,2,29272,Cash on Delivery,No,0,5,50,Mobile,9
C042,Imran Chaudhry,50,Male,Lahore,2024-05-01,ORD0238,2025-01-02,Sports,Badminton Racket,3665,1,3665,Cash on Delivery,No,0,4,50,Mobile,10
C042,Imran Chaudhry,50,Male,Lahore,2024-05-01,ORD0239,2024-10-14,Beauty,Nail Polish,2681,2,5362,Debit Card,No,0,1,55,Tablet,11
C042,Imran Chaudhry,50,Male,Lahore,2024-05-01,ORD0240,2024-05-28,Home & Kitchen,Storage Container,2334,1,2334,EasyPaisa,No,0,2,9,Desktop,12
C042,Imran Chaudhry,50,Male,Lahore,2024-05-01,ORD0241,2024-09-26,Accessories,Backpack,2681,2,5362,JazzCash,No,0,5,39,Desktop,13
C043,Imran Javed,39,Male,Islamabad,2023-03-22,ORD0242,2024-12-04,Sports,Gym Gloves,3601,2,6842,Credit Card,Yes,5,2,17,Mobile,21
C043,Imran Javed,39,Male,Islamabad,2023-03-22,ORD0243,2025-02-18,Beauty,Hair Oil,3859,3,11577,Cash on Delivery,No,0,5,53,Tablet,22
C043,Imran Javed,39,Male,Islamabad,2023-03-22,ORD0244,2024-06-30,Health,Hand Sanitizer,4843,1,4843,Credit Card,No,0,3,35,Mobile,23
C044,Waqar Shah,32,Male,Lahore,2023-05-21,ORD0245,2025-04-08,Accessories,Scarf,903,4,3612,Credit Card,No,0,5,54,Desktop,14
C044,Waqar Shah,32,Male,Lahore,2023-05-21,ORD0246,2024-12-14,Books,English Grammar,1780,4,7120,EasyPaisa,No,0,4,18,Tablet,15
C044,Waqar Shah,32,Male,Lahore,2023-05-21,ORD0247,2025-03-12,Home & Kitchen,Cutting Board,4010,4,16040,JazzCash,No,0,1,27,Desktop,16
C044,Waqar Shah,32,Male,Lahore,2023-05-21,ORD0248,2024-02-06,Clothing,Hoodie,841,3,2145,Cash on Delivery,Yes,15,2,45,Desktop,17
C045,Fatima Aslam,47,Female,Multan,2024-06-16,ORD0249,2024-01-06,Toys,Board Game,4127,4,16508,EasyPaisa,No,0,5,37,Mobile,5
C045,Fatima Aslam,47,Female,Multan,2024-06-16,ORD0250,2024-05-08,Food,Chocolate Box,2175,2,4350,Cash on Delivery,No,0,2,8,Mobile,6
C045,Fatima Aslam,47,Female,Multan,2024-06-16,ORD0251,2024-03-23,Food,Snack Pack,2896,2,4923,Debit Card,Yes,15,5,11,Mobile,7
C045,Fatima Aslam,47,Female,Multan,2024-06-16,ORD0252,2025-04-09,Toys,Doll,4091,4,16364,EasyPaisa,No,0,4,21,Mobile,8
C046,Samina Butt,28,Female,Islamabad,2023-04-29,ORD0253,2024-04-27,Accessories,Bracelet,3098,4,12392,EasyPaisa,No,0,2,8,Tablet,7
C046,Samina Butt,28,Female,Islamabad,2023-04-29,ORD0254,2024-06-27,Health,Thermometer,2749,2,4398,JazzCash,Yes,20,3,59,Mobile,8
C046,Samina Butt,28,Female,Islamabad,2023-04-29,ORD0255,2024-07-04,Beauty,Lip Balm,214,4,856,Debit Card,No,0,1,54,Mobile,9
C047,Noor Javed,48,Female,Faisalabad,2023-11-06,ORD0256,2024-11-17,Sports,Sports Bag,1699,2,3398,Credit Card,No,0,1,41,Tablet,15
C047,Noor Javed,48,Female,Faisalabad,2023-11-06,ORD0257,2025-02-24,Sports,Sports Bottle,1256,3,3203,Debit Card,Yes,15,5,26,Desktop,16
C047,Noor Javed,48,Female,Faisalabad,2023-11-06,ORD0258,2024-01-16,Accessories,Ring,2949,3,7520,EasyPaisa,Yes,15,3,16,Mobile,17
C048,Maryam Qureshi,47,Female,Rawalpindi,2023-08-02,ORD0259,2024-05-15,Home & Kitchen,Cooking Pan,4699,1,4229,Debit Card,Yes,10,4,43,Desktop,10
C048,Maryam Qureshi,47,Female,Rawalpindi,2023-08-02,ORD0260,2025-01-16,Food,Tea Pack,548,2,877,Debit Card,Yes,20,2,9,Desktop,11
C048,Maryam Qureshi,47,Female,Rawalpindi,2023-08-02,ORD0261,2024-10-10,Beauty,Perfume,588,3,1764,Credit Card,No,0,3,11,Desktop,12
C048,Maryam Qureshi,47,Female,Rawalpindi,2023-08-02,ORD0262,2025-02-17,Sports,Football,3866,2,7732,JazzCash,No,0,1,3,Mobile,13
C048,Maryam Qureshi,47,Female,Rawalpindi,2023-08-02,ORD0263,2024-09-01,Books,Python Programming,2478,4,9912,Debit Card,No,0,5,12,Mobile,14
C048,Maryam Qureshi,47,Female,Rawalpindi,2023-08-02,ORD0264,2024-12-31,Beauty,Face Wash,2937,4,11161,Cash on Delivery,Yes,5,4,54,Desktop,15
C049,Sobia Hashmi,52,Female,Multan,2024-04-08,ORD0265,2024-12-30,Electronics,Laptop Stand,609,4,2436,Debit Card,No,0,2,21,Desktop,25
C049,Sobia Hashmi,52,Female,Multan,2024-04-08,ORD0266,2024-01-30,Books,Islamic Studies,653,4,2612,Credit Card,No,0,2,5,Desktop,26
C049,Sobia Hashmi,52,Female,Multan,2024-04-08,ORD0267,2025-05-19,Sports,Dumbbells,4427,1,4427,JazzCash,No,0,4,39,Desktop,27
C049,Sobia Hashmi,52,Female,Multan,2024-04-08,ORD0268,2025-01-05,Accessories,Keychain,1957,4,7828,Debit Card,No,0,2,38,Mobile,28
C049,Sobia Hashmi,52,Female,Multan,2024-04-08,ORD0269,2024-04-12,Books,Data Science Guide,1442,1,1370,EasyPaisa,Yes,5,4,18,Desktop,29
C050,Tahira Khan,63,Female,Multan,2023-10-25,ORD0270,2024-12-20,Beauty,Body Lotion,3961,1,3367,JazzCash,Yes,15,4,40,Tablet,22
C050,Tahira Khan,63,Female,Multan,2023-10-25,ORD0271,2025-01-27,Beauty,Perfume,3307,4,13228,EasyPaisa,No,0,4,38,Mobile,23
C050,Tahira Khan,63,Female,Multan,2023-10-25,ORD0272,2025-01-09,Toys,Color Set,4179,2,8358,JazzCash,No,0,4,36,Tablet,24
C051,Usman Hashmi,34,Male,Lahore,2023-08-04,ORD0273,2024-05-06,Sports,Skipping Rope,3337,3,9010,Credit Card,Yes,10,4,40,Desktop,18
C051,Usman Hashmi,34,Male,Lahore,2023-08-04,ORD0274,2024-08-24,Accessories,Watch Strap,2181,3,6543,EasyPaisa,No,0,3,42,Tablet,19
C051,Usman Hashmi,34,Male,Lahore,2023-08-04,ORD0275,2024-07-05,Home & Kitchen,Mug Set,7445,2,14890,Credit Card,No,0,2,33,Mobile,20
C051,Usman Hashmi,34,Male,Lahore,2023-08-04,ORD0276,2025-03-05,Accessories,Backpack,2073,1,1866,EasyPaisa,Yes,10,4,37,Tablet,21
C052,Iqra Khan,30,Female,Quetta,2024-04-09,ORD0277,2025-03-15,Toys,Building Blocks,1822,4,7288,JazzCash,No,0,3,56,Mobile,14
C052,Iqra Khan,30,Female,Quetta,2024-04-09,ORD0278,2025-04-03,Accessories,Scarf,2557,4,10228,Debit Card,No,0,5,38,Desktop,15
C052,Iqra Khan,30,Female,Quetta,2024-04-09,ORD0279,2025-03-06,Home & Kitchen,Cutting Board,2886,1,2886,JazzCash,No,0,4,33,Mobile,16
C053,Kamran Nawaz,19,Male,Faisalabad,2023-09-11,ORD0280,2024-02-23,Clothing,Shorts,4126,2,8252,JazzCash,No,0,3,45,Mobile,19
C053,Kamran Nawaz,19,Male,Faisalabad,2023-09-11,ORD0281,2024-02-09,Beauty,Perfume,705,2,1128,Cash on Delivery,Yes,20,4,52,Desktop,20
C053,Kamran Nawaz,19,Male,Faisalabad,2023-09-11,ORD0282,2025-05-14,Beauty,Body Lotion,246,1,246,Cash on Delivery,No,0,2,33,Mobile,21
C053,Kamran Nawaz,19,Male,Faisalabad,2023-09-11,ORD0283,2024-08-09,Books,Math Textbook,2303,3,5527,EasyPaisa,Yes,20,4,9,Mobile,22
C054,Junaid Abbasi,50,Male,Peshawar,2023-02-15,ORD0284,2024-06-16,Books,Fiction Novel,1758,4,7032,Credit Card,No,0,1,51,Desktop,10
C054,Junaid Abbasi,50,Male,Peshawar,2023-02-15,ORD0285,2024-08-26,Toys,Color Set,232,4,928,Cash on Delivery,No,0,3,58,Desktop,11
C054,Junaid Abbasi,50,Male,Peshawar,2023-02-15,ORD0286,2025-02-27,Clothing,Hoodie,4974,1,4725,Credit Card,Yes,5,4,46,Desktop,12
C055,Iqra Raza,61,Female,Peshawar,2023-09-21,ORD0287,2024-03-06,Health,Eye Drops,3106,1,3106,EasyPaisa,No,0,5,54,Mobile,25
C055,Iqra Raza,61,Female,Peshawar,2023-09-21,ORD0288,2025-04-12,Home & Kitchen,Storage Container,2928,3,7027,Credit Card,Yes,20,4,8,Tablet,26
C055,Iqra Raza,61,Female,Peshawar,2023-09-21,ORD0289,2024-09-13,Health,Eye Drops,2882,4,11528,Credit Card,No,0,2,57,Mobile,27
C056,Omar Nawaz,18,Male,Karachi,2023-03-25,ORD0290,2025-03-05,Health,Hand Sanitizer,3982,3,11946,Cash on Delivery,No,0,3,46,Mobile,22
C056,Omar Nawaz,18,Male,Karachi,2023-03-25,ORD0291,2024-01-20,Health,Protein Powder,4082,4,16328,JazzCash,No,0,2,2,Mobile,23
C056,Omar Nawaz,18,Male,Karachi,2023-03-25,ORD0292,2024-01-28,Beauty,Face Wash,3913,1,3913,Cash on Delivery,No,0,2,36,Mobile,24
C056,Omar Nawaz,18,Male,Karachi,2023-03-25,ORD0293,2025-05-21,Electronics,Bluetooth Speaker,700,3,1680,Debit Card,Yes,20,4,57,Mobile,25
C056,Omar Nawaz,18,Male,Karachi,2023-03-25,ORD0294,2024-04-16,Beauty,Sunscreen,2687,1,2418,Credit Card,Yes,10,3,52,Tablet,26
C056,Omar Nawaz,18,Male,Karachi,2023-03-25,ORD0295,2024-01-07,Sports,Sports Bottle,4176,3,10022,EasyPaisa,Yes,20,2,36,Mobile,27
C056,Omar Nawaz,18,Male,Karachi,2023-03-25,ORD0296,2024-12-25,Toys,Stuffed Toy,2306,2,4612,JazzCash,No,0,3,58,Desktop,28
C057,Samina Ahmed,22,Female,Hyderabad,2023-02-27,ORD0297,2024-06-19,Health,Vitamin Tablets,3350,2,6700,JazzCash,No,0,5,29,Mobile,23
C057,Samina Ahmed,22,Female,Hyderabad,2023-02-27,ORD0298,2025-05-14,Accessories,Watch Strap,515,3,1391,Cash on Delivery,Yes,10,4,55,Tablet,24
C057,Samina Ahmed,22,Female,Hyderabad,2023-02-27,ORD0299,2025-01-01,Food,Biscuit Pack,1818,2,3636,EasyPaisa,No,0,2,38,Mobile,25
C057,Samina Ahmed,22,Female,Hyderabad,2023-02-27,ORD0300,2025-03-02,Health,Mask Pack,1419,2,2838,Debit Card,No,0,5,51,Mobile,26
C057,Samina Ahmed,22,Female,Hyderabad,2023-02-27,ORD0301,2024-10-28,Health,BP Monitor,3766,2,7532,Credit Card,No,0,2,17,Mobile,27
C057,Samina Ahmed,22,Female,Hyderabad,2023-02-27,ORD0302,2024-11-14,Clothing,Polo Shirt,1231,2,2462,Credit Card,No,0,4,54,Mobile,28
C057,Samina Ahmed,22,Female,Hyderabad,2023-02-27,ORD0303,2024-12-27,Food,Rice Bag,1753,3,4470,Credit Card,Yes,15,4,48,Mobile,29
C058,Ayesha Dar,33,Female,Lahore,2024-04-09,ORD0304,2025-04-08,Food,Snack Pack,2387,2,4535,Debit Card,Yes,5,3,11,Mobile,28
C058,Ayesha Dar,33,Female,Lahore,2024-04-09,ORD0305,2024-06-03,Food,Coffee Beans,1915,4,7660,Cash on Delivery,No,0,2,6,Desktop,29
C058,Ayesha Dar,33,Female,Lahore,2024-04-09,ORD0306,2025-03-07,Toys,Doll,2198,2,4176,JazzCash,Yes,5,4,52,Tablet,30
C058,Ayesha Dar,33,Female,Lahore,2024-04-09,ORD0307,2024-01-28,Beauty,Lip Balm,1897,1,1897,EasyPaisa,No,0,2,8,Tablet,31
C058,Ayesha Dar,33,Female,Lahore,2024-04-09,ORD0308,2024-03-04,Accessories,Cap,1716,1,1630,Credit Card,Yes,5,3,17,Mobile,32
C058,Ayesha Dar,33,Female,Lahore,2024-04-09,ORD0309,2024-01-20,Food,Honey Jar,828,1,787,EasyPaisa,Yes,5,2,21,Desktop,33
C058,Ayesha Dar,33,Female,Lahore,2024-04-09,ORD0310,2024-12-15,Beauty,Hair Oil,1677,1,1677,EasyPaisa,No,0,3,44,Desktop,34
C058,Ayesha Dar,33,Female,Lahore,2024-04-09,ORD0311,2025-02-05,Sports,Sports Bag,3529,1,3529,Credit Card,No,0,3,37,Desktop,35
C059,Junaid Shah,59,Male,Hyderabad,2023-09-07,ORD0312,2024-06-01,Health,Hand Sanitizer,1721,2,3270,EasyPaisa,Yes,5,4,37,Tablet,1
C059,Junaid Shah,59,Male,Hyderabad,2023-09-07,ORD0313,2025-05-01,Electronics,Phone Case,4391,4,17564,Debit Card,No,0,2,13,Mobile,2
C059,Junaid Shah,59,Male,Hyderabad,2023-09-07,ORD0314,2024-01-19,Accessories,Bracelet,154,4,616,Credit Card,No,0,1,26,Desktop,3
C059,Junaid Shah,59,Male,Hyderabad,2023-09-07,ORD0315,2024-10-03,Food,Spice Set,2576,3,7342,Credit Card,Yes,5,3,14,Mobile,4
C059,Junaid Shah,59,Male,Hyderabad,2023-09-07,ORD0316,2024-03-26,Toys,Color Set,1789,3,5367,Credit Card,No,0,1,51,Mobile,5
C059,Junaid Shah,59,Male,Hyderabad,2023-09-07,ORD0317,2025-05-25,Beauty,Sunscreen,1977,1,1977,Cash on Delivery,No,0,2,22,Mobile,6
C060,Sobia Malik,30,Female,Peshawar,2023-10-18,ORD0318,2024-04-18,Sports,Sports Bag,5877,2,11754,EasyPaisa,No,0,1,20,Mobile,30
C060,Sobia Malik,30,Female,Peshawar,2023-10-18,ORD0319,2024-04-20,Beauty,Body Lotion,3707,2,6673,EasyPaisa,Yes,10,4,55,Desktop,31
C060,Sobia Malik,30,Female,Peshawar,2023-10-18,ORD0320,2025-04-22,Clothing,T-Shirt,663,4,2652,EasyPaisa,No,0,2,30,Mobile,32
C060,Sobia Malik,30,Female,Peshawar,2023-10-18,ORD0321,2024-09-11,Clothing,Hoodie,1713,4,6852,Debit Card,No,0,2,46,Mobile,33
C060,Sobia Malik,30,Female,Peshawar,2023-10-18,ORD0322,2024-05-05,Accessories,Backpack,2262,2,3619,Credit Card,Yes,20,4,22,Mobile,34
C061,Fatima Hashmi,65,Female,Peshawar,2023-10-22,ORD0323,2024-12-06,Electronics,Webcam,9217,4,35025,Cash on Delivery,Yes,5,2,15,Tablet,0
C061,Fatima Hashmi,65,Female,Peshawar,2023-10-22,ORD0324,2024-11-22,Accessories,Sunglasses,1236,3,3708,Credit Card,No,0,4,29,Tablet,1
C061,Fatima Hashmi,65,Female,Peshawar,2023-10-22,ORD0325,2025-03-23,Sports,Dumbbells,5447,3,16341,EasyPaisa,No,0,4,25,Mobile,2
C061,Fatima Hashmi,65,Female,Peshawar,2023-10-22,ORD0326,2024-12-23,Accessories,Sunglasses,3145,1,2673,Cash on Delivery,Yes,15,3,25,Desktop,3
C061,Fatima Hashmi,65,Female,Peshawar,2023-10-22,ORD0327,2024-02-21,Beauty,Shampoo,2028,3,6084,Cash on Delivery,No,0,5,15,Tablet,4
C061,Fatima Hashmi,65,Female,Peshawar,2023-10-22,ORD0328,2024-12-28,Toys,Color Set,4152,2,7474,Debit Card,Yes,10,2,50,Mobile,5
C061,Fatima Hashmi,65,Female,Peshawar,2023-10-22,ORD0329,2024-10-05,Clothing,T-Shirt,2449,4,9796,EasyPaisa,No,0,4,20,Desktop,6
C061,Fatima Hashmi,65,Female,Peshawar,2023-10-22,ORD0330,2025-05-03,Accessories,Scarf,235,1,235,Debit Card,No,0,2,38,Desktop,7
C062,Parveen Shah,31,Female,Hyderabad,2023-03-13,ORD0331,2025-01-25,Food,Juice Box,430,3,1290,JazzCash,No,0,2,4,Mobile,21
C062,Parveen Shah,31,Female,Hyderabad,2023-03-13,ORD0332,2024-03-28,Books,Fiction Novel,2385,2,3816,Cash on Delivery,Yes,20,4,39,Tablet,22
C062,Parveen Shah,31,Female,Hyderabad,2023-03-13,ORD0333,2024-12-01,Sports,Football,4935,4,19740,EasyPaisa,No,0,1,20,Desktop,23
C062,Parveen Shah,31,Female,Hyderabad,2023-03-13,ORD0334,2024-10-24,Home & Kitchen,Storage Container,352,3,1056,EasyPaisa,No,0,1,11,Desktop,24
C063,Ahmed Abbasi,32,Male,Faisalabad,2023-06-19,ORD0335,2025-02-21,Beauty,Lip Balm,2427,1,2427,JazzCash,No,0,4,11,Mobile,17
C063,Ahmed Abbasi,32,Male,Faisalabad,2023-06-19,ORD0336,2024-11-12,Clothing,Hoodie,3992,4,15968,Cash on Delivery,No,0,5,50,Tablet,18
C063,Ahmed Abbasi,32,Male,Faisalabad,2023-06-19,ORD0337,2024-07-26,Sports,Running Shoes,3963,1,3963,Debit Card,No,0,4,49,Mobile,19
C063,Ahmed Abbasi,32,Male,Faisalabad,2023-06-19,ORD0338,2025-03-07,Food,Spice Set,113,1,113,Credit Card,No,0,3,40,Desktop,20
C063,Ahmed Abbasi,32,Male,Faisalabad,2023-06-19,ORD0339,2024-12-05,Home & Kitchen,Cutting Board,2730,2,4641,Debit Card,Yes,15,4,6,Desktop,21
C063,Ahmed Abbasi,32,Male,Faisalabad,2023-06-19,ORD0340,2024-08-27,Sports,Cricket Ball,6360,4,25440,Cash on Delivery,No,0,3,26,Desktop,22
C064,Usman Hussain,23,Male,Quetta,2023-10-20,ORD0341,2025-04-19,Food,Juice Box,1089,4,4138,Debit Card,Yes,5,3,33,Desktop,24
C064,Usman Hussain,23,Male,Quetta,2023-10-20,ORD0342,2024-03-26,Books,History Book,912,1,912,Debit Card,No,0,4,25,Mobile,25
C064,Usman Hussain,23,Male,Quetta,2023-10-20,ORD0343,2024-10-14,Food,Rice Bag,1577,2,3154,JazzCash,No,0,4,5,Mobile,26
C065,Saad Abbasi,41,Male,Sialkot,2023-12-23,ORD0344,2024-03-29,Beauty,Face Wash,2643,1,2643,Credit Card,No,0,2,34,Desktop,19
C065,Saad Abbasi,41,Male,Sialkot,2023-12-23,ORD0345,2025-01-06,Books,Math Textbook,2042,3,6126,Cash on Delivery,No,0,4,23,Mobile,20
C065,Saad Abbasi,41,Male,Sialkot,2023-12-23,ORD0346,2025-02-05,Home & Kitchen,Cooking Pan,5738,2,9181,JazzCash,Yes,20,4,26,Mobile,21
C065,Saad Abbasi,41,Male,Sialkot,2023-12-23,ORD0347,2024-02-18,Beauty,Face Wash,1026,4,3694,JazzCash,Yes,10,4,58,Mobile,22
C065,Saad Abbasi,41,Male,Sialkot,2023-12-23,ORD0348,2025-03-12,Books,Python Programming,2236,2,4472,JazzCash,No,0,2,11,Desktop,23
C065,Saad Abbasi,41,Male,Sialkot,2023-12-23,ORD0349,2024-02-16,Toys,Action Figure,1035,1,1035,JazzCash,No,0,1,41,Desktop,24
C065,Saad Abbasi,41,Male,Sialkot,2023-12-23,ORD0350,2024-08-21,Food,Chocolate Box,1965,3,5895,EasyPaisa,No,0,3,16,Desktop,25
C066,Tahira Aslam,63,Female,Faisalabad,2023-01-16,ORD0351,2024-01-15,Health,First Aid Kit,1721,4,6540,Credit Card,Yes,5,3,36,Desktop,0
C066,Tahira Aslam,63,Female,Faisalabad,2023-01-16,ORD0352,2024-03-04,Food,Snack Pack,1603,4,6091,Credit Card,Yes,5,3,53,Desktop,1
C066,Tahira Aslam,63,Female,Faisalabad,2023-01-16,ORD0353,2025-04-02,Beauty,Perfume,2446,3,6237,Debit Card,Yes,15,4,36,Mobile,2
C066,Tahira Aslam,63,Female,Faisalabad,2023-01-16,ORD0354,2024-11-02,Beauty,Body Lotion,3322,1,2824,EasyPaisa,Yes,15,2,51,Tablet,3
C066,Tahira Aslam,63,Female,Faisalabad,2023-01-16,ORD0355,2025-03-30,Clothing,Trouser,4204,1,4204,Cash on Delivery,No,0,5,21,Desktop,4
C066,Tahira Aslam,63,Female,Faisalabad,2023-01-16,ORD0356,2025-02-25,Home & Kitchen,Tea Set,5675,2,11350,Credit Card,No,0,1,19,Mobile,5
C067,Parveen Javed,35,Female,Sialkot,2024-04-19,ORD0357,2024-05-05,Electronics,Wireless Earbuds,10210,2,20420,Credit Card,No,0,5,6,Mobile,15
C067,Parveen Javed,35,Female,Sialkot,2024-04-19,ORD0358,2024-02-09,Accessories,Wallet,2885,3,8222,EasyPaisa,Yes,5,4,48,Desktop,16
C067,Parveen Javed,35,Female,Sialkot,2024-04-19,ORD0359,2024-06-13,Home & Kitchen,Cutting Board,3696,1,3696,EasyPaisa,No,0,3,56,Tablet,17
C067,Parveen Javed,35,Female,Sialkot,2024-04-19,ORD0360,2025-03-13,Health,First Aid Kit,4400,4,17600,Credit Card,No,0,2,22,Tablet,18
C068,Ahmed Hussain,24,Male,Islamabad,2024-06-09,ORD0361,2024-05-29,Beauty,Face Mask,3478,1,2956,Debit Card,Yes,15,3,5,Mobile,22
C068,Ahmed Hussain,24,Male,Islamabad,2024-06-09,ORD0362,2024-07-14,Sports,Cricket Ball,5379,3,16137,EasyPaisa,No,0,2,7,Desktop,23
C068,Ahmed Hussain,24,Male,Islamabad,2024-06-09,ORD0363,2024-07-03,Clothing,Formal Shirt,2613,2,4181,Debit Card,Yes,20,3,54,Tablet,24
C068,Ahmed Hussain,24,Male,Islamabad,2024-06-09,ORD0364,2024-03-31,Sports,Running Shoes,1508,1,1508,Debit Card,No,0,1,46,Desktop,25
C069,Amna Raza,25,Female,Sialkot,2024-03-15,ORD0365,2024-12-28,Clothing,Sweater,1010,1,1010,EasyPaisa,No,0,2,42,Tablet,15
C069,Amna Raza,25,Female,Sialkot,2024-03-15,ORD0366,2024-05-12,Sports,Yoga Mat,2110,3,6330,EasyPaisa,No,0,2,14,Tablet,16
C069,Amna Raza,25,Female,Sialkot,2024-03-15,ORD0367,2024-12-30,Home & Kitchen,Cooking Pan,4211,1,4211,Debit Card,No,0,5,9,Mobile,17
C069,Amna Raza,25,Female,Sialkot,2024-03-15,ORD0368,2025-03-25,Clothing,Sweater,3087,1,2933,Cash on Delivery,Yes,5,3,51,Tablet,18
C069,Amna Raza,25,Female,Sialkot,2024-03-15,ORD0369,2024-04-24,Sports,Gym Gloves,4205,3,12615,JazzCash,No,0,1,11,Mobile,19
C069,Amna Raza,25,Female,Sialkot,2024-03-15,ORD0370,2024-05-15,Health,Hand Sanitizer,785,3,2355,JazzCash,No,0,1,3,Mobile,20
C069,Amna Raza,25,Female,Sialkot,2024-03-15,ORD0371,2024-07-15,Home & Kitchen,Knife Set,3982,1,3982,EasyPaisa,No,0,3,18,Desktop,21
C070,Raza Dar,38,Male,Rawalpindi,2023-04-27,ORD0372,2024-06-06,Sports,Skipping Rope,1516,1,1213,Debit Card,Yes,20,2,12,Tablet,19
C070,Raza Dar,38,Male,Rawalpindi,2023-04-27,ORD0373,2024-01-05,Accessories,Keychain,1087,1,978,EasyPaisa,Yes,10,2,46,Tablet,20
C070,Raza Dar,38,Male,Rawalpindi,2023-04-27,ORD0374,2024-07-19,Electronics,USB Cable,11152,2,21189,Credit Card,Yes,5,4,2,Desktop,21
C070,Raza Dar,38,Male,Rawalpindi,2023-04-27,ORD0375,2024-12-29,Books,Data Science Guide,1748,2,3321,EasyPaisa,Yes,5,4,47,Desktop,22
C070,Raza Dar,38,Male,Rawalpindi,2023-04-27,ORD0376,2024-05-22,Books,English Grammar,1260,4,5040,JazzCash,No,0,3,18,Tablet,23
C070,Raza Dar,38,Male,Rawalpindi,2023-04-27,ORD0377,2024-10-25,Books,History Book,2505,2,5010,Debit Card,No,0,5,38,Mobile,24
C070,Raza Dar,38,Male,Rawalpindi,2023-04-27,ORD0378,2024-05-30,Accessories,Bracelet,3803,3,11409,Cash on Delivery,No,0,3,50,Tablet,25
C071,Ali Aslam,39,Male,Hyderabad,2023-08-25,ORD0379,2024-12-15,Books,Python Programming,2907,4,11628,Cash on Delivery,No,0,1,11,Mobile,11
C071,Ali Aslam,39,Male,Hyderabad,2023-08-25,ORD0380,2025-01-07,Toys,Stuffed Toy,486,3,1239,JazzCash,Yes,15,5,16,Tablet,12
C071,Ali Aslam,39,Male,Hyderabad,2023-08-25,ORD0381,2024-10-21,Food,Tea Pack,1243,1,1243,Debit Card,No,0,1,30,Desktop,13
C072,Noor Aslam,20,Female,Peshawar,2024-04-10,ORD0382,2024-03-24,Toys,Play Dough,2335,4,8873,JazzCash,Yes,5,2,54,Mobile,26
C072,Noor Aslam,20,Female,Peshawar,2024-04-10,ORD0383,2024-11-11,Health,BP Monitor,1285,4,4626,EasyPaisa,Yes,10,2,2,Mobile,27
C072,Noor Aslam,20,Female,Peshawar,2024-04-10,ORD0384,2024-11-27,Health,BP Monitor,4672,1,4438,Debit Card,Yes,5,4,26,Mobile,28
C072,Noor Aslam,20,Female,Peshawar,2024-04-10,ORD0385,2025-05-11,Accessories,Belt,3931,4,15724,Cash on Delivery,No,0,3,21,Mobile,29
C072,Noor Aslam,20,Female,Peshawar,2024-04-10,ORD0386,2024-05-28,Accessories,Cap,3381,2,6762,EasyPaisa,No,0,4,9,Mobile,30
C072,Noor Aslam,20,Female,Peshawar,2024-04-10,ORD0387,2025-05-07,Books,Fiction Novel,2174,3,6522,Cash on Delivery,No,0,1,44,Mobile,31
C073,Waqar Sheikh,39,Male,Multan,2024-06-26,ORD0388,2025-05-06,Toys,Doll,1176,2,1882,EasyPaisa,Yes,20,4,15,Desktop,7
C073,Waqar Sheikh,39,Male,Multan,2024-06-26,ORD0389,2024-04-28,Accessories,Scarf,2870,2,4879,Credit Card,Yes,15,4,47,Tablet,8
C073,Waqar Sheikh,39,Male,Multan,2024-06-26,ORD0390,2025-02-21,Health,Omega 3 Capsules,813,1,813,Debit Card,No,0,2,29,Mobile,9
C073,Waqar Sheikh,39,Male,Multan,2024-06-26,ORD0391,2024-04-20,Health,Pain Relief Gel,4648,4,15803,JazzCash,Yes,15,2,53,Tablet,10
C074,Raza Sheikh,36,Male,Multan,2023-07-18,ORD0392,2024-08-16,Food,Chocolate Box,2321,4,9284,Credit Card,No,0,1,60,Tablet,16
C074,Raza Sheikh,36,Male,Multan,2023-07-18,ORD0393,2024-02-11,Clothing,Polo Shirt,3985,2,7970,Credit Card,No,0,1,45,Desktop,17
C074,Raza Sheikh,36,Male,Multan,2023-07-18,ORD0394,2024-11-26,Toys,Play Dough,1609,4,6436,Credit Card,No,0,2,51,Desktop,18
C074,Raza Sheikh,36,Male,Multan,2023-07-18,ORD0395,2025-02-19,Health,Thermometer,3888,4,15552,Cash on Delivery,No,0,2,3,Mobile,19
C075,Kamran Ahmed,61,Male,Sialkot,2023-07-22,ORD0396,2024-02-27,Electronics,Keyboard,12027,3,32473,Credit Card,Yes,10,5,56,Desktop,21
C075,Kamran Ahmed,61,Male,Sialkot,2023-07-22,ORD0397,2024-12-16,Accessories,Scarf,1346,4,4307,EasyPaisa,Yes,20,3,44,Tablet,22
C075,Kamran Ahmed,61,Male,Sialkot,2023-07-22,ORD0398,2024-11-30,Accessories,Belt,1245,4,4731,Cash on Delivery,Yes,5,4,20,Tablet,23
C075,Kamran Ahmed,61,Male,Sialkot,2023-07-22,ORD0399,2024-10-07,Electronics,Power Bank,7574,4,30296,Cash on Delivery,No,0,3,13,Desktop,24
C076,Parveen Raza,55,Female,Quetta,2023-02-24,ORD0400,2024-04-17,Books,Fiction Novel,1001,4,3804,Credit Card,Yes,5,4,28,Mobile,16
C076,Parveen Raza,55,Female,Quetta,2023-02-24,ORD0401,2024-10-17,Health,Eye Drops,223,1,190,Cash on Delivery,Yes,15,4,34,Tablet,17
C076,Parveen Raza,55,Female,Quetta,2023-02-24,ORD0402,2024-11-18,Books,Math Textbook,1721,4,6884,Credit Card,No,0,3,30,Tablet,18
C077,Ayesha Nawaz,25,Female,Multan,2023-05-12,ORD0403,2025-01-27,Home & Kitchen,Tea Set,4486,1,4486,Debit Card,No,0,2,59,Tablet,21
C077,Ayesha Nawaz,25,Female,Multan,2023-05-12,ORD0404,2024-08-31,Beauty,Moisturizer,1181,2,2244,EasyPaisa,Yes,5,3,3,Tablet,22
C077,Ayesha Nawaz,25,Female,Multan,2023-05-12,ORD0405,2024-01-31,Sports,Sports Bottle,4832,3,14496,EasyPaisa,No,0,5,22,Tablet,23
C078,Amna Ali,31,Female,Quetta,2024-04-01,ORD0406,2024-01-27,Accessories,Belt,1538,2,2768,JazzCash,Yes,10,5,43,Desktop,11
C078,Amna Ali,31,Female,Quetta,2024-04-01,ORD0407,2024-06-17,Clothing,Kurta,4634,4,18536,JazzCash,No,0,2,43,Tablet,12
C078,Amna Ali,31,Female,Quetta,2024-04-01,ORD0408,2024-04-24,Clothing,Polo Shirt,1739,1,1739,EasyPaisa,No,0,4,29,Tablet,13
C078,Amna Ali,31,Female,Quetta,2024-04-01,ORD0409,2024-01-18,Toys,Remote Car,3978,2,7956,EasyPaisa,No,0,2,50,Desktop,14
C078,Amna Ali,31,Female,Quetta,2024-04-01,ORD0410,2024-06-12,Sports,Badminton Racket,6949,3,17720,JazzCash,Yes,15,5,54,Desktop,15
C078,Amna Ali,31,Female,Quetta,2024-04-01,ORD0411,2024-07-05,Toys,Card Game,1503,3,4509,Credit Card,No,0,5,35,Desktop,16
C078,Amna Ali,31,Female,Quetta,2024-04-01,ORD0412,2024-01-09,Accessories,Keychain,3730,3,11190,Cash on Delivery,No,0,1,44,Mobile,17
C078,Amna Ali,31,Female,Quetta,2024-04-01,ORD0413,2024-07-15,Toys,Action Figure,4243,1,4031,EasyPaisa,Yes,5,5,16,Mobile,18
C079,Fatima Shah,55,Female,Faisalabad,2023-07-17,ORD0414,2024-08-07,Electronics,Keyboard,13329,4,53316,EasyPaisa,No,0,4,52,Mobile,7
C079,Fatima Shah,55,Female,Faisalabad,2023-07-17,ORD0415,2024-04-08,Clothing,Hoodie,3013,2,5122,EasyPaisa,Yes,15,2,10,Mobile,8
C079,Fatima Shah,55,Female,Faisalabad,2023-07-17,ORD0416,2024-09-30,Home & Kitchen,Cooking Pan,3498,2,6996,Debit Card,No,0,5,21,Mobile,9
C080,Imran Khan,42,Male,Islamabad,2023-12-21,ORD0417,2025-05-27,Clothing,Sweater,3235,3,9705,EasyPaisa,No,0,2,14,Desktop,30
C080,Imran Khan,42,Male,Islamabad,2023-12-21,ORD0418,2025-03-24,Home & Kitchen,Water Bottle,495,4,1782,EasyPaisa,Yes,10,5,6,Desktop,31
C080,Imran Khan,42,Male,Islamabad,2023-12-21,ORD0419,2024-10-03,Electronics,Bluetooth Speaker,5525,2,11050,EasyPaisa,No,0,4,43,Tablet,32
C080,Imran Khan,42,Male,Islamabad,2023-12-21,ORD0420,2024-02-16,Books,Islamic Studies,2877,1,2302,Credit Card,Yes,20,3,16,Mobile,33
C080,Imran Khan,42,Male,Islamabad,2023-12-21,ORD0421,2024-06-07,Clothing,Jeans,4336,4,17344,Debit Card,No,0,4,46,Desktop,34
C081,Omar Iqbal,27,Male,Islamabad,2023-12-07,ORD0422,2025-04-09,Beauty,Body Lotion,3400,3,9690,Credit Card,Yes,5,4,53,Mobile,18
C081,Omar Iqbal,27,Male,Islamabad,2023-12-07,ORD0423,2025-04-29,Sports,Skipping Rope,5805,2,10449,JazzCash,Yes,10,4,4,Mobile,19
C081,Omar Iqbal,27,Male,Islamabad,2023-12-07,ORD0424,2024-05-05,Home & Kitchen,Storage Container,4261,1,4261,EasyPaisa,No,0,2,21,Mobile,20
C081,Omar Iqbal,27,Male,Islamabad,2023-12-07,ORD0425,2025-03-08,Food,Coffee Beans,2238,4,7162,Debit Card,Yes,20,3,4,Desktop,21
C082,Ayesha Hussain,35,Female,Sialkot,2023-05-08,ORD0426,2025-05-11,Electronics,Phone Case,7711,1,6169,JazzCash,Yes,20,4,60,Mobile,1
C082,Ayesha Hussain,35,Female,Sialkot,2023-05-08,ORD0427,2024-04-26,Accessories,Sunglasses,2354,3,5650,Cash on Delivery,Yes,20,4,34,Desktop,2
C082,Ayesha Hussain,35,Female,Sialkot,2023-05-08,ORD0428,2024-01-19,Sports,Sports Bag,1860,1,1860,Cash on Delivery,No,0,3,15,Mobile,3
C083,Sobia Ali,33,Female,Faisalabad,2024-06-01,ORD0429,2025-04-09,Toys,Color Set,2927,4,11708,Credit Card,No,0,4,26,Tablet,14
C083,Sobia Ali,33,Female,Faisalabad,2024-06-01,ORD0430,2025-05-22,Food,Tea Pack,762,3,2286,Debit Card,No,0,2,26,Desktop,15
C083,Sobia Ali,33,Female,Faisalabad,2024-06-01,ORD0431,2024-12-18,Electronics,Smart Watch,9186,1,8267,Cash on Delivery,Yes,10,4,50,Mobile,16
C083,Sobia Ali,33,Female,Faisalabad,2024-06-01,ORD0432,2025-05-30,Toys,Play Dough,4366,4,16591,Debit Card,Yes,5,4,48,Mobile,17
C084,Maryam Hussain,19,Female,Islamabad,2023-08-24,ORD0433,2024-11-08,Health,First Aid Kit,534,1,534,EasyPaisa,No,0,4,15,Mobile,26
C084,Maryam Hussain,19,Female,Islamabad,2023-08-24,ORD0434,2024-06-18,Electronics,Bluetooth Speaker,4091,2,8182,Debit Card,No,0,5,60,Mobile,27
C084,Maryam Hussain,19,Female,Islamabad,2023-08-24,ORD0435,2024-03-20,Clothing,Hoodie,1272,4,5088,Credit Card,No,0,5,25,Mobile,28
C084,Maryam Hussain,19,Female,Islamabad,2023-08-24,ORD0436,2025-04-02,Food,Tea Pack,2882,1,2882,Cash on Delivery,No,0,4,18,Mobile,29
C084,Maryam Hussain,19,Female,Islamabad,2023-08-24,ORD0437,2025-03-24,Health,BP Monitor,1006,1,855,EasyPaisa,Yes,15,3,16,Mobile,30
C084,Maryam Hussain,19,Female,Islamabad,2023-08-24,ORD0438,2024-07-25,Home & Kitchen,Cutting Board,949,2,1898,EasyPaisa,No,0,1,31,Mobile,31
C084,Maryam Hussain,19,Female,Islamabad,2023-08-24,ORD0439,2024-09-14,Beauty,Body Lotion,3911,2,6258,JazzCash,Yes,20,2,49,Tablet,32
C085,Omar Dar,41,Male,Rawalpindi,2023-04-27,ORD0440,2024-06-30,Food,Tea Pack,1804,3,4871,Debit Card,Yes,10,4,49,Desktop,0
C085,Omar Dar,41,Male,Rawalpindi,2023-04-27,ORD0441,2025-02-20,Accessories,Ring,2891,4,11564,EasyPaisa,No,0,1,46,Desktop,1
C085,Omar Dar,41,Male,Rawalpindi,2023-04-27,ORD0442,2024-06-14,Health,Eye Drops,4334,2,6934,Debit Card,Yes,20,4,54,Desktop,2
C086,Uzma Siddiqui,40,Female,Rawalpindi,2023-09-01,ORD0443,2025-03-15,Home & Kitchen,Cutting Board,4223,1,4012,Cash on Delivery,Yes,5,2,9,Mobile,20
C086,Uzma Siddiqui,40,Female,Rawalpindi,2023-09-01,ORD0444,2024-01-30,Electronics,Wireless Earbuds,8952,2,15218,EasyPaisa,Yes,15,5,12,Desktop,21
C086,Uzma Siddiqui,40,Female,Rawalpindi,2023-09-01,ORD0445,2025-02-26,Clothing,Sweater,1010,4,3838,Debit Card,Yes,5,4,5,Mobile,22
C086,Uzma Siddiqui,40,Female,Rawalpindi,2023-09-01,ORD0446,2025-05-07,Accessories,Belt,2218,3,6654,JazzCash,No,0,5,45,Tablet,23
C086,Uzma Siddiqui,40,Female,Rawalpindi,2023-09-01,ORD0447,2024-02-26,Health,BP Monitor,2008,1,1807,EasyPaisa,Yes,10,4,55,Mobile,24
C086,Uzma Siddiqui,40,Female,Rawalpindi,2023-09-01,ORD0448,2024-01-24,Toys,Play Dough,2397,4,9588,Credit Card,No,0,3,44,Desktop,25
C087,Usman Qureshi,60,Male,Rawalpindi,2023-07-01,ORD0449,2025-01-03,Beauty,Lip Balm,3677,1,3677,Debit Card,No,0,2,5,Tablet,0
C087,Usman Qureshi,60,Male,Rawalpindi,2023-07-01,ORD0450,2025-03-16,Toys,Card Game,876,4,2978,Cash on Delivery,Yes,15,4,11,Desktop,1
C087,Usman Qureshi,60,Male,Rawalpindi,2023-07-01,ORD0451,2024-04-05,Electronics,Mouse,4078,4,16312,Cash on Delivery,No,0,2,57,Desktop,2
C087,Usman Qureshi,60,Male,Rawalpindi,2023-07-01,ORD0452,2024-02-01,Toys,Board Game,735,2,1470,Credit Card,No,0,4,21,Mobile,3
C087,Usman Qureshi,60,Male,Rawalpindi,2023-07-01,ORD0453,2024-09-09,Home & Kitchen,Storage Container,1792,2,3584,JazzCash,No,0,5,15,Desktop,4
C087,Usman Qureshi,60,Male,Rawalpindi,2023-07-01,ORD0454,2025-01-16,Home & Kitchen,Water Bottle,5095,4,20380,Cash on Delivery,No,0,4,55,Mobile,5
C087,Usman Qureshi,60,Male,Rawalpindi,2023-07-01,ORD0455,2025-03-18,Beauty,Moisturizer,267,4,1068,JazzCash,No,0,3,9,Mobile,6
C088,Zain Ali,43,Male,Faisalabad,2023-12-09,ORD0456,2024-10-16,Sports,Yoga Mat,3361,1,3193,JazzCash,Yes,5,5,5,Tablet,16
C088,Zain Ali,43,Male,Faisalabad,2023-12-09,ORD0457,2024-01-28,Accessories,Cap,870,3,2610,JazzCash,No,0,3,19,Desktop,17
C088,Zain Ali,43,Male,Faisalabad,2023-12-09,ORD0458,2025-05-08,Clothing,Jeans,4699,2,9398,JazzCash,No,0,3,33,Desktop,18
C088,Zain Ali,43,Male,Faisalabad,2023-12-09,ORD0459,2024-10-01,Toys,Building Blocks,1914,3,5742,Credit Card,No,0,3,21,Mobile,19
C089,Sana Qureshi,58,Female,Lahore,2023-10-21,ORD0460,2025-02-12,Electronics,Bluetooth Speaker,12707,2,25414,Debit Card,No,0,2,11,Desktop,16
C089,Sana Qureshi,58,Female,Lahore,2023-10-21,ORD0461,2024-12-25,Books,Self Help Book,2706,3,8118,Cash on Delivery,No,0,3,45,Mobile,17
C089,Sana Qureshi,58,Female,Lahore,2023-10-21,ORD0462,2024-02-03,Food,Juice Box,621,3,1863,Debit Card,No,0,1,36,Mobile,18
C090,Ayesha Hashmi,57,Female,Sialkot,2024-02-03,ORD0463,2025-01-01,Sports,Badminton Racket,2657,4,10628,EasyPaisa,No,0,2,11,Desktop,11
C090,Ayesha Hashmi,57,Female,Sialkot,2024-02-03,ORD0464,2024-03-13,Toys,Play Dough,1952,1,1952,JazzCash,No,0,5,45,Tablet,12
C090,Ayesha Hashmi,57,Female,Sialkot,2024-02-03,ORD0465,2024-08-27,Sports,Gym Gloves,2644,1,2644,JazzCash,No,0,1,2,Tablet,13
C090,Ayesha Hashmi,57,Female,Sialkot,2024-02-03,ORD0466,2024-09-07,Accessories,Keychain,2339,1,2222,Debit Card,Yes,5,4,42,Desktop,14
C090,Ayesha Hashmi,57,Female,Sialkot,2024-02-03,ORD0467,2024-05-11,Beauty,Hair Oil,2444,1,2444,JazzCash,No,0,3,29,Tablet,15
C090,Ayesha Hashmi,57,Female,Sialkot,2024-02-03,ORD0468,2024-02-27,Food,Biscuit Pack,2668,1,2668,JazzCash,No,0,2,15,Mobile,16
C090,Ayesha Hashmi,57,Female,Sialkot,2024-02-03,ORD0469,2025-01-19,Home & Kitchen,Mug Set,6293,3,18879,EasyPaisa,No,0,1,13,Desktop,17
C090,Ayesha Hashmi,57,Female,Sialkot,2024-02-03,ORD0470,2024-02-26,Clothing,Jacket,1092,4,4368,Credit Card,No,0,4,3,Tablet,18
C091,Fahad Butt,23,Male,Hyderabad,2023-06-18,ORD0471,2024-07-15,Food,Coffee Beans,113,1,113,Debit Card,No,0,1,35,Tablet,23
C091,Fahad Butt,23,Male,Hyderabad,2023-06-18,ORD0472,2024-09-06,Health,Hand Sanitizer,1663,1,1663,JazzCash,No,0,1,44,Desktop,24
C091,Fahad Butt,23,Male,Hyderabad,2023-06-18,ORD0473,2024-01-07,Sports,Sports Bottle,6416,3,19248,EasyPaisa,No,0,4,46,Mobile,25
C091,Fahad Butt,23,Male,Hyderabad,2023-06-18,ORD0474,2024-10-08,Accessories,Bracelet,737,1,663,JazzCash,Yes,10,3,53,Mobile,26
C091,Fahad Butt,23,Male,Hyderabad,2023-06-18,ORD0475,2024-05-26,Toys,Stuffed Toy,2441,1,1953,EasyPaisa,Yes,20,5,42,Mobile,27
C091,Fahad Butt,23,Male,Hyderabad,2023-06-18,ORD0476,2024-08-16,Sports,Gym Gloves,3424,3,8731,Debit Card,Yes,15,2,60,Mobile,28
C091,Fahad Butt,23,Male,Hyderabad,2023-06-18,ORD0477,2025-03-08,Electronics,Keyboard,4743,1,4743,Debit Card,No,0,1,35,Mobile,29
C092,Raza Mirza,38,Male,Multan,2024-03-30,ORD0478,2024-08-02,Toys,Board Game,1987,1,1590,Debit Card,Yes,20,4,47,Mobile,1
C092,Raza Mirza,38,Male,Multan,2024-03-30,ORD0479,2024-05-24,Beauty,Lip Balm,2032,2,4064,Credit Card,No,0,5,45,Mobile,2
C092,Raza Mirza,38,Male,Multan,2024-03-30,ORD0480,2024-02-20,Beauty,Hair Oil,2890,3,8237,Credit Card,Yes,5,4,39,Tablet,3
C092,Raza Mirza,38,Male,Multan,2024-03-30,ORD0481,2024-04-03,Health,Eye Drops,2316,2,4632,JazzCash,No,0,3,55,Tablet,4
C092,Raza Mirza,38,Male,Multan,2024-03-30,ORD0482,2025-05-01,Health,Protein Powder,3991,3,11374,Debit Card,Yes,5,4,22,Mobile,5
C092,Raza Mirza,38,Male,Multan,2024-03-30,ORD0483,2024-09-25,Home & Kitchen,Cutting Board,4969,3,14907,Debit Card,No,0,3,15,Tablet,6
C092,Raza Mirza,38,Male,Multan,2024-03-30,ORD0484,2024-01-05,Sports,Gym Gloves,5728,2,11456,Debit Card,No,0,4,27,Mobile,7
C093,Waqar Hashmi,46,Male,Peshawar,2024-05-15,ORD0485,2025-01-18,Food,Coffee Beans,2600,3,7800,JazzCash,No,0,2,46,Desktop,28
C093,Waqar Hashmi,46,Male,Peshawar,2024-05-15,ORD0486,2025-02-24,Clothing,Hoodie,751,4,3004,Debit Card,No,0,2,23,Desktop,29
C093,Waqar Hashmi,46,Male,Peshawar,2024-05-15,ORD0487,2024-12-02,Toys,Board Game,4868,1,4868,Debit Card,No,0,5,32,Tablet,30
C093,Waqar Hashmi,46,Male,Peshawar,2024-05-15,ORD0488,2024-06-26,Sports,Sports Bottle,1067,4,3414,Credit Card,Yes,20,2,53,Tablet,31
C094,Samina Butt,41,Female,Peshawar,2023-08-03,ORD0489,2025-04-13,Toys,Card Game,1155,3,3465,Credit Card,No,0,1,45,Mobile,9
C094,Samina Butt,41,Female,Peshawar,2023-08-03,ORD0490,2024-03-23,Books,English Grammar,885,1,885,Debit Card,No,0,1,2,Tablet,10
C094,Samina Butt,41,Female,Peshawar,2023-08-03,ORD0491,2024-02-23,Books,Math Textbook,446,3,1338,Debit Card,No,0,5,21,Tablet,11
C095,Raza Mirza,36,Male,Sialkot,2024-04-02,ORD0492,2024-08-09,Beauty,Body Lotion,1487,3,3569,Cash on Delivery,Yes,20,4,40,Tablet,2
C095,Raza Mirza,36,Male,Sialkot,2024-04-02,ORD0493,2025-03-29,Sports,Football,4481,1,4481,JazzCash,No,0,4,21,Tablet,3
C095,Raza Mirza,36,Male,Sialkot,2024-04-02,ORD0494,2024-09-25,Books,History Book,336,1,286,Cash on Delivery,Yes,15,3,60,Tablet,4
C095,Raza Mirza,36,Male,Sialkot,2024-04-02,ORD0495,2024-03-10,Health,Pain Relief Gel,2586,3,7758,EasyPaisa,No,0,4,42,Desktop,5
C095,Raza Mirza,36,Male,Sialkot,2024-04-02,ORD0496,2024-05-08,Health,Eye Drops,2952,2,5904,JazzCash,No,0,5,39,Mobile,6
C095,Raza Mirza,36,Male,Sialkot,2024-04-02,ORD0497,2024-03-22,Books,Business Book,2422,2,4844,Cash on Delivery,No,0,5,36,Mobile,7
C095,Raza Mirza,36,Male,Sialkot,2024-04-02,ORD0498,2025-04-24,Beauty,Lip Balm,3666,1,3666,Cash on Delivery,No,0,4,9,Desktop,8
C095,Raza Mirza,36,Male,Sialkot,2024-04-02,ORD0499,2024-08-14,Sports,Dumbbells,4954,4,16844,JazzCash,Yes,15,5,53,Desktop,9
C096,Zain Mirza,28,Male,Rawalpindi,2023-07-19,ORD0500,2024-09-16,Books,History Book,242,1,230,Credit Card,Yes,5,3,24,Mobile,6
C096,Zain Mirza,28,Male,Rawalpindi,2023-07-19,ORD0501,2025-03-02,Clothing,Sweater,3776,3,10195,EasyPaisa,Yes,10,2,30,Tablet,7
C096,Zain Mirza,28,Male,Rawalpindi,2023-07-19,ORD0502,2024-07-27,Toys,Doll,757,4,3028,Cash on Delivery,No,0,3,6,Tablet,8
C096,Zain Mirza,28,Male,Rawalpindi,2023-07-19,ORD0503,2025-01-27,Food,Juice Box,1438,2,2301,Cash on Delivery,Yes,20,3,26,Desktop,9
C097,Omar Malik,31,Male,Lahore,2023-11-11,ORD0504,2025-04-08,Clothing,Shorts,2669,1,2269,Credit Card,Yes,15,2,13,Desktop,9
C097,Omar Malik,31,Male,Lahore,2023-11-11,ORD0505,2024-03-18,Food,Snack Pack,2455,1,2455,Cash on Delivery,No,0,1,59,Desktop,10
C097,Omar Malik,31,Male,Lahore,2023-11-11,ORD0506,2024-08-21,Sports,Sports Bag,5910,3,17730,Cash on Delivery,No,0,2,28,Tablet,11
C097,Omar Malik,31,Male,Lahore,2023-11-11,ORD0507,2025-05-24,Health,BP Monitor,890,1,712,JazzCash,Yes,20,3,48,Desktop,12
C097,Omar Malik,31,Male,Lahore,2023-11-11,ORD0508,2024-09-17,Clothing,Jeans,4411,3,12571,EasyPaisa,Yes,5,4,29,Desktop,13
C097,Omar Malik,31,Male,Lahore,2023-11-11,ORD0509,2024-07-12,Books,Science Book,338,4,1352,JazzCash,No,0,5,51,Tablet,14
C098,Kamran Chaudhry,44,Male,Faisalabad,2023-06-23,ORD0510,2024-03-27,Books,Self Help Book,2047,2,4094,Cash on Delivery,No,0,1,46,Mobile,8
C098,Kamran Chaudhry,44,Male,Faisalabad,2023-06-23,ORD0511,2024-09-28,Books,Islamic Studies,1256,3,3768,Cash on Delivery,No,0,2,41,Mobile,9
C098,Kamran Chaudhry,44,Male,Faisalabad,2023-06-23,ORD0512,2024-10-16,Health,Pain Relief Gel,3540,1,3186,JazzCash,Yes,10,3,3,Desktop,10
C099,Mehwish Khan,52,Female,Peshawar,2023-11-11,ORD0513,2024-05-17,Sports,Sports Bottle,6205,4,19856,Debit Card,Yes,20,5,22,Mobile,3
C099,Mehwish Khan,52,Female,Peshawar,2023-11-11,ORD0514,2024-02-24,Clothing,T-Shirt,1205,2,2410,JazzCash,No,0,1,33,Desktop,4
C099,Mehwish Khan,52,Female,Peshawar,2023-11-11,ORD0515,2024-08-15,Home & Kitchen,Lunch Box,3864,3,11592,Cash on Delivery,No,0,2,57,Mobile,5
C099,Mehwish Khan,52,Female,Peshawar,2023-11-11,ORD0516,2024-09-22,Clothing,T-Shirt,995,3,2985,EasyPaisa,No,0,4,14,Desktop,6
C099,Mehwish Khan,52,Female,Peshawar,2023-11-11,ORD0517,2024-11-02,Beauty,Shampoo,2670,2,5340,Debit Card,No,0,3,60,Tablet,7
C100,Sobia Hashmi,48,Female,Multan,2024-02-27,ORD0518,2024-03-05,Accessories,Keychain,1427,2,2854,JazzCash,No,0,3,43,Mobile,6
C100,Sobia Hashmi,48,Female,Multan,2024-02-27,ORD0519,2024-06-23,Electronics,Laptop Stand,3849,4,13856,Credit Card,Yes,10,2,26,Tablet,7
C100,Sobia Hashmi,48,Female,Multan,2024-02-27,ORD0520,2024-10-16,Health,Mask Pack,4004,4,16016,Debit Card,No,0,2,12,Tablet,8
C100,Sobia Hashmi,48,Female,Multan,2024-02-27,ORD0521,2024-04-02,Sports,Gym Gloves,3498,2,6996,Cash on Delivery,No,0,3,20,Mobile,9
C101,Amna Abbasi,48,Female,Peshawar,2023-05-07,ORD0522,2024-10-24,Clothing,Kurta,1202,2,2404,JazzCash,No,0,4,29,Desktop,8
C101,Amna Abbasi,48,Female,Peshawar,2023-05-07,ORD0523,2024-12-05,Toys,Building Blocks,2206,1,1875,Cash on Delivery,Yes,15,4,17,Tablet,9
C101,Amna Abbasi,48,Female,Peshawar,2023-05-07,ORD0524,2024-07-10,Food,Chocolate Box,604,2,1208,EasyPaisa,No,0,4,15,Mobile,10
C102,Faisal Shah,49,Male,Islamabad,2023-09-28,ORD0525,2024-06-30,Beauty,Body Lotion,3574,3,10722,JazzCash,No,0,4,54,Tablet,28
C102,Faisal Shah,49,Male,Islamabad,2023-09-28,ORD0526,2024-10-29,Accessories,Watch Strap,1196,1,1136,Credit Card,Yes,5,3,58,Mobile,29
C102,Faisal Shah,49,Male,Islamabad,2023-09-28,ORD0527,2024-12-03,Accessories,Bracelet,781,2,1562,Cash on Delivery,No,0,3,32,Tablet,30
C102,Faisal Shah,49,Male,Islamabad,2023-09-28,ORD0528,2025-03-30,Toys,Doll,4319,1,4319,Credit Card,No,0,4,57,Desktop,31
C102,Faisal Shah,49,Male,Islamabad,2023-09-28,ORD0529,2025-04-18,Food,Spice Set,2644,1,2644,Debit Card,No,0,3,43,Desktop,32
C102,Faisal Shah,49,Male,Islamabad,2023-09-28,ORD0530,2024-07-30,Clothing,Trouser,647,4,2588,Cash on Delivery,No,0,5,14,Tablet,33
C103,Uzma Mirza,56,Female,Faisalabad,2023-06-02,ORD0531,2025-01-11,Home & Kitchen,Mug Set,6964,3,20892,Credit Card,No,0,2,57,Mobile,0
C103,Uzma Mirza,56,Female,Faisalabad,2023-06-02,ORD0532,2024-09-15,Beauty,Lip Balm,2148,3,6444,Credit Card,No,0,3,45,Mobile,1
C103,Uzma Mirza,56,Female,Faisalabad,2023-06-02,ORD0533,2024-04-26,Accessories,Backpack,785,3,2355,Debit Card,No,0,2,5,Mobile,2
C103,Uzma Mirza,56,Female,Faisalabad,2023-06-02,ORD0534,2025-05-04,Electronics,Smart Watch,9477,3,28431,JazzCash,No,0,5,23,Tablet,3
C103,Uzma Mirza,56,Female,Faisalabad,2023-06-02,ORD0535,2024-11-06,Accessories,Wallet,918,1,918,Debit Card,No,0,4,12,Mobile,4
C103,Uzma Mirza,56,Female,Faisalabad,2023-06-02,ORD0536,2024-11-11,Sports,Sports Bottle,6149,3,16602,EasyPaisa,Yes,10,5,48,Mobile,5
C104,Imran Malik,25,Male,Hyderabad,2024-03-18,ORD0537,2024-09-13,Food,Tea Pack,2191,3,6573,JazzCash,No,0,5,9,Desktop,22
C104,Imran Malik,25,Male,Hyderabad,2024-03-18,ORD0538,2024-05-20,Accessories,Backpack,363,3,1089,Debit Card,No,0,1,19,Mobile,23
C104,Imran Malik,25,Male,Hyderabad,2024-03-18,ORD0539,2025-01-07,Home & Kitchen,Lunch Box,5149,3,13902,Credit Card,Yes,10,2,22,Mobile,24
C104,Imran Malik,25,Male,Hyderabad,2024-03-18,ORD0540,2024-11-06,Home & Kitchen,Plate Set,7812,1,7812,Cash on Delivery,No,0,4,26,Desktop,25
C104,Imran Malik,25,Male,Hyderabad,2024-03-18,ORD0541,2025-02-10,Sports,Yoga Mat,6659,1,5993,Cash on Delivery,Yes,10,4,49,Desktop,26
C105,Asad Abbasi,24,Male,Peshawar,2023-06-01,ORD0542,2025-02-23,Food,Juice Box,857,3,2571,EasyPaisa,No,0,5,25,Mobile,10
C105,Asad Abbasi,24,Male,Peshawar,2023-06-01,ORD0543,2024-01-01,Sports,Sports Bottle,6114,2,12228,Credit Card,No,0,1,3,Mobile,11
C105,Asad Abbasi,24,Male,Peshawar,2023-06-01,ORD0544,2025-01-05,Sports,Cricket Ball,4191,2,7544,JazzCash,Yes,10,4,56,Tablet,12
C105,Asad Abbasi,24,Male,Peshawar,2023-06-01,ORD0545,2025-02-27,Clothing,T-Shirt,1942,2,3690,Cash on Delivery,Yes,5,5,43,Tablet,13
C106,Iqra Dar,21,Female,Quetta,2024-05-12,ORD0546,2024-01-09,Beauty,Body Lotion,301,2,602,Debit Card,No,0,5,37,Desktop,8
C106,Iqra Dar,21,Female,Quetta,2024-05-12,ORD0547,2024-11-01,Toys,Building Blocks,2579,3,7737,Cash on Delivery,No,0,5,18,Mobile,9
C106,Iqra Dar,21,Female,Quetta,2024-05-12,ORD0548,2024-04-25,Sports,Running Shoes,3911,4,13297,Credit Card,Yes,15,2,6,Mobile,10
C106,Iqra Dar,21,Female,Quetta,2024-05-12,ORD0549,2024-02-25,Toys,Card Game,1887,3,5378,Cash on Delivery,Yes,5,2,10,Desktop,11
C106,Iqra Dar,21,Female,Quetta,2024-05-12,ORD0550,2024-09-03,Food,Biscuit Pack,2580,1,2580,Debit Card,No,0,5,40,Mobile,12
C106,Iqra Dar,21,Female,Quetta,2024-05-12,ORD0551,2024-12-14,Toys,Remote Car,1041,2,1874,Credit Card,Yes,10,3,22,Tablet,13
C106,Iqra Dar,21,Female,Quetta,2024-05-12,ORD0552,2024-01-01,Home & Kitchen,Blender,5011,3,15033,Credit Card,No,0,3,48,Desktop,14
C106,Iqra Dar,21,Female,Quetta,2024-05-12,ORD0553,2025-05-08,Home & Kitchen,Lunch Box,678,2,1356,Credit Card,No,0,3,8,Desktop,15
C107,Saad Malik,36,Male,Karachi,2023-07-05,ORD0554,2025-04-02,Clothing,Shorts,4825,1,3860,Cash on Delivery,Yes,20,2,53,Tablet,4
C107,Saad Malik,36,Male,Karachi,2023-07-05,ORD0555,2024-02-14,Books,Data Science Guide,1918,1,1822,Cash on Delivery,Yes,5,5,33,Mobile,5
C107,Saad Malik,36,Male,Karachi,2023-07-05,ORD0556,2024-02-25,Books,English Grammar,1652,4,5947,Credit Card,Yes,10,4,24,Mobile,6
C107,Saad Malik,36,Male,Karachi,2023-07-05,ORD0557,2024-06-23,Food,Tea Pack,2678,3,8034,EasyPaisa,No,0,4,49,Tablet,7
C107,Saad Malik,36,Male,Karachi,2023-07-05,ORD0558,2024-11-05,Food,Tea Pack,1808,3,5424,JazzCash,No,0,2,22,Tablet,8
C108,Mehwish Qureshi,64,Female,Islamabad,2023-06-03,ORD0559,2024-10-24,Books,Fiction Novel,2627,2,4466,Debit Card,Yes,15,5,43,Mobile,2
C108,Mehwish Qureshi,64,Female,Islamabad,2023-06-03,ORD0560,2024-02-27,Health,Vitamin Tablets,318,2,572,Credit Card,Yes,10,4,59,Desktop,3
C108,Mehwish Qureshi,64,Female,Islamabad,2023-06-03,ORD0561,2024-01-16,Clothing,Formal Shirt,1271,4,5084,Credit Card,No,0,3,39,Desktop,4
C108,Mehwish Qureshi,64,Female,Islamabad,2023-06-03,ORD0562,2024-11-15,Electronics,Mouse,5952,4,23808,JazzCash,No,0,2,55,Tablet,5
C108,Mehwish Qureshi,64,Female,Islamabad,2023-06-03,ORD0563,2024-09-04,Health,Protein Powder,1120,1,896,JazzCash,Yes,20,2,17,Desktop,6
C108,Mehwish Qureshi,64,Female,Islamabad,2023-06-03,ORD0564,2024-06-21,Sports,Sports Bottle,601,4,2404,Credit Card,No,0,5,47,Desktop,7
C108,Mehwish Qureshi,64,Female,Islamabad,2023-06-03,ORD0565,2025-03-25,Sports,Football,4703,2,8936,Credit Card,Yes,5,4,18,Tablet,8
C108,Mehwish Qureshi,64,Female,Islamabad,2023-06-03,ORD0566,2024-05-30,Accessories,Backpack,1386,1,1386,Cash on Delivery,No,0,1,36,Tablet,9
C109,Omar Chaudhry,47,Male,Lahore,2023-04-11,ORD0567,2024-08-28,Electronics,Power Bank,5680,4,21584,Debit Card,Yes,5,4,33,Tablet,9
C109,Omar Chaudhry,47,Male,Lahore,2023-04-11,ORD0568,2025-03-27,Health,Pain Relief Gel,3802,1,3422,Cash on Delivery,Yes,10,4,21,Tablet,10
C109,Omar Chaudhry,47,Male,Lahore,2023-04-11,ORD0569,2025-04-27,Sports,Football,2161,4,8644,JazzCash,No,0,1,12,Mobile,11
C109,Omar Chaudhry,47,Male,Lahore,2023-04-11,ORD0570,2025-04-17,Beauty,Nail Polish,2160,1,2160,Debit Card,No,0,3,8,Tablet,12
C110,Ahmed Hussain,45,Male,Peshawar,2024-06-19,ORD0571,2025-02-10,Food,Coffee Beans,2268,3,6804,EasyPaisa,No,0,3,34,Tablet,27
C110,Ahmed Hussain,45,Male,Peshawar,2024-06-19,ORD0572,2024-11-30,Food,Spice Set,2405,2,4810,EasyPaisa,No,0,4,20,Desktop,28
C110,Ahmed Hussain,45,Male,Peshawar,2024-06-19,ORD0573,2024-07-23,Clothing,Hoodie,4546,1,4546,Credit Card,No,0,2,25,Mobile,29
C110,Ahmed Hussain,45,Male,Peshawar,2024-06-19,ORD0574,2024-04-16,Home & Kitchen,Mug Set,5701,4,20524,Credit Card,Yes,10,4,26,Desktop,30
C110,Ahmed Hussain,45,Male,Peshawar,2024-06-19,ORD0575,2024-10-30,Food,Chocolate Box,2300,2,4600,Credit Card,No,0,3,6,Tablet,31
C110,Ahmed Hussain,45,Male,Peshawar,2024-06-19,ORD0576,2025-01-10,Health,Vitamin Tablets,967,1,774,JazzCash,Yes,20,5,26,Mobile,32
C111,Ahmed Khan,26,Male,Islamabad,2023-03-26,ORD0577,2025-01-27,Electronics,Smart Watch,7995,4,31980,Credit Card,No,0,4,23,Desktop,1
C111,Ahmed Khan,26,Male,Islamabad,2023-03-26,ORD0578,2025-04-20,Clothing,Polo Shirt,3193,4,10218,Credit Card,Yes,20,4,10,Mobile,2
C111,Ahmed Khan,26,Male,Islamabad,2023-03-26,ORD0579,2025-01-05,Sports,Yoga Mat,310,4,1054,EasyPaisa,Yes,15,4,12,Tablet,3
C111,Ahmed Khan,26,Male,Islamabad,2023-03-26,ORD0580,2025-03-23,Home & Kitchen,Tea Set,1610,4,6440,Debit Card,No,0,4,44,Mobile,4
C111,Ahmed Khan,26,Male,Islamabad,2023-03-26,ORD0581,2024-03-11,Toys,Puzzle Set,2611,2,5222,Credit Card,No,0,5,8,Mobile,5
C111,Ahmed Khan,26,Male,Islamabad,2023-03-26,ORD0582,2025-02-25,Clothing,Hoodie,3866,3,11598,Cash on Delivery,No,0,3,26,Mobile,6
C112,Asad Shah,44,Male,Multan,2023-08-21,ORD0583,2024-01-11,Clothing,Trouser,3608,2,7216,EasyPaisa,No,0,3,10,Desktop,17
C112,Asad Shah,44,Male,Multan,2023-08-21,ORD0584,2024-10-26,Accessories,Sunglasses,1151,4,4604,JazzCash,No,0,1,15,Mobile,18
C112,Asad Shah,44,Male,Multan,2023-08-21,ORD0585,2024-04-06,Health,Mask Pack,1342,1,1342,JazzCash,No,0,5,2,Tablet,19
C112,Asad Shah,44,Male,Multan,2023-08-21,ORD0586,2024-10-10,Clothing,Jacket,4123,3,11751,Credit Card,Yes,5,5,36,Desktop,20
C112,Asad Shah,44,Male,Multan,2023-08-21,ORD0587,2024-04-16,Food,Spice Set,1539,1,1539,Credit Card,No,0,1,17,Tablet,21
C112,Asad Shah,44,Male,Multan,2023-08-21,ORD0588,2024-07-21,Beauty,Shampoo,496,3,1488,EasyPaisa,No,0,2,59,Tablet,22
C113,Zara Sheikh,39,Female,Lahore,2024-06-07,ORD0589,2024-09-21,Books,History Book,2290,4,7786,EasyPaisa,Yes,15,4,19,Desktop,1
C113,Zara Sheikh,39,Female,Lahore,2024-06-07,ORD0590,2024-07-10,Books,English Grammar,2304,4,9216,Cash on Delivery,No,0,3,2,Desktop,2
C113,Zara Sheikh,39,Female,Lahore,2024-06-07,ORD0591,2025-02-06,Beauty,Face Mask,1143,2,1943,EasyPaisa,Yes,15,4,26,Mobile,3
C113,Zara Sheikh,39,Female,Lahore,2024-06-07,ORD0592,2024-01-07,Beauty,Perfume,3193,3,8142,EasyPaisa,Yes,15,4,12,Mobile,4
C113,Zara Sheikh,39,Female,Lahore,2024-06-07,ORD0593,2024-10-11,Clothing,Trouser,2929,1,2929,EasyPaisa,No,0,2,51,Tablet,5
C113,Zara Sheikh,39,Female,Lahore,2024-06-07,ORD0594,2024-04-19,Accessories,Scarf,1359,2,2446,Credit Card,Yes,10,2,49,Desktop,6
C114,Kamran Ahmed,51,Male,Quetta,2023-07-11,ORD0595,2025-05-24,Sports,Cricket Ball,5960,3,17880,EasyPaisa,No,0,5,30,Tablet,10
C114,Kamran Ahmed,51,Male,Quetta,2023-07-11,ORD0596,2025-04-29,Accessories,Wallet,2505,3,7515,Cash on Delivery,No,0,5,57,Tablet,11
C114,Kamran Ahmed,51,Male,Quetta,2023-07-11,ORD0597,2025-01-03,Health,Protein Powder,890,1,801,Credit Card,Yes,10,2,12,Tablet,12
C115,Naila Malik,43,Female,Sialkot,2024-05-02,ORD0598,2024-10-11,Accessories,Wallet,600,3,1800,Credit Card,No,0,5,51,Desktop,13
C115,Naila Malik,43,Female,Sialkot,2024-05-02,ORD0599,2024-05-28,Beauty,Nail Polish,2490,2,4731,EasyPaisa,Yes,5,3,31,Desktop,14
C115,Naila Malik,43,Female,Sialkot,2024-05-02,ORD0600,2024-01-23,Beauty,Nail Polish,1500,2,3000,JazzCash,No,0,5,33,Tablet,15
C115,Naila Malik,43,Female,Sialkot,2024-05-02,ORD0601,2025-02-07,Home & Kitchen,Tea Set,2767,1,2767,JazzCash,No,0,3,25,Desktop,16
C115,Naila Malik,43,Female,Sialkot,2024-05-02,ORD0602,2024-01-06,Toys,Board Game,4523,4,18092,Cash on Delivery,No,0,3,25,Mobile,17
C116,Ahmed Siddiqui,46,Male,Quetta,2023-09-08,ORD0603,2024-04-23,Home & Kitchen,Cutting Board,4178,4,16712,Credit Card,No,0,3,27,Mobile,0
C116,Ahmed Siddiqui,46,Male,Quetta,2023-09-08,ORD0604,2024-10-08,Books,Python Programming,1391,1,1321,Cash on Delivery,Yes,5,3,38,Mobile,1
C116,Ahmed Siddiqui,46,Male,Quetta,2023-09-08,ORD0605,2024-10-04,Sports,Gym Gloves,821,3,2217,JazzCash,Yes,10,4,18,Desktop,2
C116,Ahmed Siddiqui,46,Male,Quetta,2023-09-08,ORD0606,2025-05-15,Food,Snack Pack,2739,4,10956,EasyPaisa,No,0,1,32,Tablet,3
C116,Ahmed Siddiqui,46,Male,Quetta,2023-09-08,ORD0607,2024-03-08,Sports,Gym Gloves,3938,1,3938,JazzCash,No,0,5,6,Tablet,4
C116,Ahmed Siddiqui,46,Male,Quetta,2023-09-08,ORD0608,2024-05-29,Accessories,Sunglasses,2279,2,4558,EasyPaisa,No,0,3,3,Tablet,5
C117,Raza Aslam,62,Male,Lahore,2024-01-18,ORD0609,2025-05-22,Sports,Gym Gloves,6808,1,6808,Cash on Delivery,No,0,1,21,Mobile,9
C117,Raza Aslam,62,Male,Lahore,2024-01-18,ORD0610,2024-08-04,Clothing,Polo Shirt,2789,1,2789,EasyPaisa,No,0,3,29,Desktop,10
C117,Raza Aslam,62,Male,Lahore,2024-01-18,ORD0611,2024-05-05,Toys,Card Game,3565,4,14260,Cash on Delivery,No,0,5,5,Desktop,11
C118,Kamran Khan,43,Male,Peshawar,2024-02-18,ORD0612,2024-03-24,Beauty,Sunscreen,741,2,1334,Credit Card,Yes,10,4,51,Mobile,24
C118,Kamran Khan,43,Male,Peshawar,2024-02-18,ORD0613,2025-04-24,Beauty,Moisturizer,3427,1,2913,Cash on Delivery,Yes,15,3,23,Desktop,25
C118,Kamran Khan,43,Male,Peshawar,2024-02-18,ORD0614,2024-06-05,Books,Self Help Book,263,2,526,Debit Card,No,0,5,56,Tablet,26
C118,Kamran Khan,43,Male,Peshawar,2024-02-18,ORD0615,2025-04-27,Books,Business Book,2852,2,4848,JazzCash,Yes,15,5,60,Tablet,27
C118,Kamran Khan,43,Male,Peshawar,2024-02-18,ORD0616,2024-03-06,Sports,Sports Bottle,5733,2,10319,Cash on Delivery,Yes,10,3,17,Mobile,28
C118,Kamran Khan,43,Male,Peshawar,2024-02-18,ORD0617,2025-03-26,Electronics,USB Cable,11234,4,38196,Credit Card,Yes,15,4,50,Mobile,29
C118,Kamran Khan,43,Male,Peshawar,2024-02-18,ORD0618,2024-04-16,Beauty,Face Mask,1332,2,2664,JazzCash,No,0,2,35,Desktop,30
C118,Kamran Khan,43,Male,Peshawar,2024-02-18,ORD0619,2024-11-28,Sports,Dumbbells,3006,3,9018,JazzCash,No,0,4,53,Tablet,31
C119,Usman Abbasi,54,Male,Lahore,2024-04-15,ORD0620,2025-02-17,Books,Self Help Book,2309,1,2309,JazzCash,No,0,4,58,Desktop,14
C119,Usman Abbasi,54,Male,Lahore,2024-04-15,ORD0621,2024-06-19,Home & Kitchen,Mug Set,5986,3,16162,Cash on Delivery,Yes,10,2,23,Desktop,15
C119,Usman Abbasi,54,Male,Lahore,2024-04-15,ORD0622,2025-04-19,Clothing,Formal Shirt,4598,2,8276,Credit Card,Yes,10,5,23,Desktop,16
C119,Usman Abbasi,54,Male,Lahore,2024-04-15,ORD0623,2024-10-06,Accessories,Ring,3965,4,15860,EasyPaisa,No,0,4,24,Mobile,17
C120,Junaid Hussain,58,Male,Quetta,2023-08-09,ORD0624,2025-01-17,Beauty,Shampoo,1420,2,2840,JazzCash,No,0,3,25,Desktop,3
C120,Junaid Hussain,58,Male,Quetta,2023-08-09,ORD0625,2024-06-28,Beauty,Perfume,981,4,3924,Debit Card,No,0,2,59,Desktop,4
C120,Junaid Hussain,58,Male,Quetta,2023-08-09,ORD0626,2024-08-10,Books,Science Book,2902,2,5804,EasyPaisa,No,0,4,8,Tablet,5
C120,Junaid Hussain,58,Male,Quetta,2023-08-09,ORD0627,2024-02-24,Accessories,Keychain,3664,1,3664,JazzCash,No,0,4,21,Tablet,6
C120,Junaid Hussain,58,Male,Quetta,2023-08-09,ORD0628,2024-05-16,Books,Python Programming,1507,4,6028,JazzCash,No,0,5,58,Tablet,7
C120,Junaid Hussain,58,Male,Quetta,2023-08-09,ORD0629,2025-02-11,Accessories,Backpack,3855,1,3855,Debit Card,No,0,1,29,Tablet,8
C120,Junaid Hussain,58,Male,Quetta,2023-08-09,ORD0630,2025-05-25,Toys,Building Blocks,1721,3,4130,Credit Card,Yes,20,2,32,Mobile,9
C121,Hassan Nawaz,57,Male,Quetta,2023-06-14,ORD0631,2024-01-02,Clothing,Shorts,4800,3,13680,Cash on Delivery,Yes,5,4,44,Desktop,5
C121,Hassan Nawaz,57,Male,Quetta,2023-06-14,ORD0632,2024-09-16,Accessories,Ring,3947,3,11841,Cash on Delivery,No,0,3,11,Tablet,6
C121,Hassan Nawaz,57,Male,Quetta,2023-06-14,ORD0633,2025-02-01,Toys,Doll,4436,3,13308,JazzCash,No,0,2,30,Mobile,7
C121,Hassan Nawaz,57,Male,Quetta,2023-06-14,ORD0634,2024-12-29,Toys,Color Set,1464,4,5856,Credit Card,No,0,5,33,Mobile,8
C122,Ayesha Nawaz,32,Female,Islamabad,2023-09-30,ORD0635,2024-06-04,Health,Vitamin Tablets,1207,1,1207,EasyPaisa,No,0,3,47,Mobile,19
C122,Ayesha Nawaz,32,Female,Islamabad,2023-09-30,ORD0636,2024-12-13,Toys,Play Dough,1986,3,5064,JazzCash,Yes,15,4,42,Mobile,20
C122,Ayesha Nawaz,32,Female,Islamabad,2023-09-30,ORD0637,2024-04-21,Clothing,Jeans,1711,1,1625,Cash on Delivery,Yes,5,2,59,Tablet,21
C122,Ayesha Nawaz,32,Female,Islamabad,2023-09-30,ORD0638,2025-05-27,Health,Vitamin Tablets,3430,1,2744,Cash on Delivery,Yes,20,2,59,Mobile,22
C123,Faisal Abbasi,49,Male,Karachi,2024-04-04,ORD0639,2024-05-20,Toys,Action Figure,2684,3,8052,Debit Card,No,0,5,25,Tablet,26
C123,Faisal Abbasi,49,Male,Karachi,2024-04-04,ORD0640,2024-12-14,Electronics,Wireless Earbuds,4310,3,12930,JazzCash,No,0,4,38,Desktop,27
C123,Faisal Abbasi,49,Male,Karachi,2024-04-04,ORD0641,2025-03-19,Health,Pain Relief Gel,2568,4,10272,JazzCash,No,0,1,12,Mobile,28
C123,Faisal Abbasi,49,Male,Karachi,2024-04-04,ORD0642,2024-02-01,Health,Protein Powder,201,1,171,JazzCash,Yes,15,4,17,Desktop,29
C123,Faisal Abbasi,49,Male,Karachi,2024-04-04,ORD0643,2024-05-13,Electronics,Webcam,14421,2,28842,Cash on Delivery,No,0,2,37,Tablet,30
C123,Faisal Abbasi,49,Male,Karachi,2024-04-04,ORD0644,2024-03-14,Accessories,Cap,1121,4,4484,JazzCash,No,0,1,60,Tablet,31
C124,Imran Dar,19,Male,Quetta,2023-02-13,ORD0645,2024-05-11,Books,History Book,2463,1,1970,Debit Card,Yes,20,3,48,Mobile,1
C124,Imran Dar,19,Male,Quetta,2023-02-13,ORD0646,2024-11-21,Toys,Play Dough,2213,1,1881,Credit Card,Yes,15,2,6,Mobile,2
C124,Imran Dar,19,Male,Quetta,2023-02-13,ORD0647,2024-06-12,Toys,Puzzle Set,731,4,2632,JazzCash,Yes,10,4,34,Mobile,3
C124,Imran Dar,19,Male,Quetta,2023-02-13,ORD0648,2024-08-12,Beauty,Shampoo,2434,1,2434,Cash on Delivery,No,0,1,49,Desktop,4
C124,Imran Dar,19,Male,Quetta,2023-02-13,ORD0649,2024-05-10,Home & Kitchen,Tea Set,2624,3,7872,Debit Card,No,0,3,37,Tablet,5
C124,Imran Dar,19,Male,Quetta,2023-02-13,ORD0650,2024-08-04,Toys,Doll,4554,2,9108,Cash on Delivery,No,0,4,20,Desktop,6
C124,Imran Dar,19,Male,Quetta,2023-02-13,ORD0651,2024-08-15,Toys,Building Blocks,834,3,2377,Credit Card,Yes,5,2,45,Desktop,7
C125,Maryam Shah,53,Female,Hyderabad,2023-07-08,ORD0652,2025-03-03,Books,History Book,2940,1,2940,JazzCash,No,0,3,10,Mobile,30
C125,Maryam Shah,53,Female,Hyderabad,2023-07-08,ORD0653,2024-11-20,Books,Science Book,846,1,719,Cash on Delivery,Yes,15,4,9,Tablet,31
C125,Maryam Shah,53,Female,Hyderabad,2023-07-08,ORD0654,2024-03-14,Books,Fiction Novel,831,3,2119,Credit Card,Yes,15,2,31,Tablet,32
C125,Maryam Shah,53,Female,Hyderabad,2023-07-08,ORD0655,2024-04-30,Books,English Grammar,1945,1,1945,EasyPaisa,No,0,2,55,Desktop,33
C125,Maryam Shah,53,Female,Hyderabad,2023-07-08,ORD0656,2025-05-25,Books,Business Book,2046,1,2046,Credit Card,No,0,3,47,Desktop,34
C125,Maryam Shah,53,Female,Hyderabad,2023-07-08,ORD0657,2024-06-27,Home & Kitchen,Cutting Board,1949,1,1949,Cash on Delivery,No,0,1,26,Desktop,35
C125,Maryam Shah,53,Female,Hyderabad,2023-07-08,ORD0658,2024-06-29,Books,Business Book,643,3,1833,JazzCash,Yes,5,3,23,Tablet,36
C126,Hassan Shah,64,Male,Sialkot,2023-12-21,ORD0659,2024-12-18,Accessories,Bracelet,278,3,667,Cash on Delivery,Yes,20,2,27,Desktop,3
C126,Hassan Shah,64,Male,Sialkot,2023-12-21,ORD0660,2024-05-12,Health,Pain Relief Gel,254,4,914,Debit Card,Yes,10,4,22,Tablet,4
C126,Hassan Shah,64,Male,Sialkot,2023-12-21,ORD0661,2025-05-20,Accessories,Backpack,3084,1,2776,JazzCash,Yes,10,2,16,Desktop,5
C126,Hassan Shah,64,Male,Sialkot,2023-12-21,ORD0662,2024-10-20,Books,Business Book,1577,2,3154,EasyPaisa,No,0,4,28,Mobile,6
C126,Hassan Shah,64,Male,Sialkot,2023-12-21,ORD0663,2025-02-03,Accessories,Watch Strap,988,3,2519,EasyPaisa,Yes,15,4,13,Tablet,7
C127,Samina Siddiqui,50,Female,Hyderabad,2024-02-21,ORD0664,2024-02-22,Beauty,Nail Polish,2010,4,7638,Credit Card,Yes,5,4,15,Mobile,25
C127,Samina Siddiqui,50,Female,Hyderabad,2024-02-21,ORD0665,2024-02-25,Accessories,Watch Strap,3828,4,15312,Debit Card,No,0,2,41,Tablet,26
C127,Samina Siddiqui,50,Female,Hyderabad,2024-02-21,ORD0666,2024-02-14,Health,Eye Drops,2985,2,5970,Cash on Delivery,No,0,5,31,Mobile,27
C127,Samina Siddiqui,50,Female,Hyderabad,2024-02-21,ORD0667,2025-01-14,Electronics,Bluetooth Speaker,7085,4,24089,EasyPaisa,Yes,15,5,47,Mobile,28
C127,Samina Siddiqui,50,Female,Hyderabad,2024-02-21,ORD0668,2024-01-14,Beauty,Shampoo,3166,4,10764,Cash on Delivery,Yes,15,4,34,Mobile,29
C127,Samina Siddiqui,50,Female,Hyderabad,2024-02-21,ORD0669,2024-06-29,Books,Math Textbook,1428,4,5712,Cash on Delivery,No,0,4,9,Desktop,30
C128,Omar Butt,18,Male,Karachi,2023-03-17,ORD0670,2024-11-29,Sports,Running Shoes,5473,4,21892,Cash on Delivery,No,0,2,49,Desktop,14
C128,Omar Butt,18,Male,Karachi,2023-03-17,ORD0671,2024-03-22,Health,Omega 3 Capsules,1444,3,4332,Cash on Delivery,No,0,2,60,Mobile,15
C128,Omar Butt,18,Male,Karachi,2023-03-17,ORD0672,2025-02-20,Beauty,Nail Polish,2079,4,7484,Cash on Delivery,Yes,10,5,3,Mobile,16
C128,Omar Butt,18,Male,Karachi,2023-03-17,ORD0673,2024-11-19,Clothing,Formal Shirt,1322,4,4230,Debit Card,Yes,20,4,6,Desktop,17
C128,Omar Butt,18,Male,Karachi,2023-03-17,ORD0674,2024-07-18,Toys,Action Figure,3183,3,8117,Cash on Delivery,Yes,15,2,39,Tablet,18
C128,Omar Butt,18,Male,Karachi,2023-03-17,ORD0675,2024-04-16,Clothing,Trouser,2941,4,9999,EasyPaisa,Yes,15,4,47,Tablet,19
C129,Imran Shah,60,Male,Peshawar,2023-03-09,ORD0676,2024-11-22,Sports,Gym Gloves,3375,3,8100,EasyPaisa,Yes,20,4,37,Tablet,23
C129,Imran Shah,60,Male,Peshawar,2023-03-09,ORD0677,2024-03-17,Clothing,Sweater,4262,4,17048,Debit Card,No,0,2,14,Tablet,24
C129,Imran Shah,60,Male,Peshawar,2023-03-09,ORD0678,2025-04-13,Sports,Sports Bag,3118,1,3118,Credit Card,No,0,1,40,Desktop,25
C129,Imran Shah,60,Male,Peshawar,2023-03-09,ORD0679,2024-03-03,Food,Honey Jar,1946,2,3892,JazzCash,No,0,4,55,Tablet,26
C129,Imran Shah,60,Male,Peshawar,2023-03-09,ORD0680,2024-09-08,Health,Vitamin Tablets,3459,4,11069,Credit Card,Yes,20,5,48,Mobile,27
C129,Imran Shah,60,Male,Peshawar,2023-03-09,ORD0681,2024-02-02,Health,First Aid Kit,1846,1,1846,Cash on Delivery,No,0,3,37,Mobile,28
C129,Imran Shah,60,Male,Peshawar,2023-03-09,ORD0682,2024-12-16,Accessories,Cap,2191,3,6573,Cash on Delivery,No,0,2,40,Mobile,29
C130,Mehwish Ali,31,Female,Islamabad,2023-02-03,ORD0683,2024-06-12,Clothing,Jeans,1301,2,2602,EasyPaisa,No,0,2,29,Tablet,1
C130,Mehwish Ali,31,Female,Islamabad,2023-02-03,ORD0684,2024-06-10,Toys,Play Dough,2465,3,7395,Debit Card,No,0,5,15,Desktop,2
C130,Mehwish Ali,31,Female,Islamabad,2023-02-03,ORD0685,2024-12-17,Accessories,Cap,3078,1,3078,Credit Card,No,0,4,2,Tablet,3
C130,Mehwish Ali,31,Female,Islamabad,2023-02-03,ORD0686,2024-12-13,Food,Dry Fruits Pack,1977,2,3954,Cash on Delivery,No,0,4,31,Desktop,4
C130,Mehwish Ali,31,Female,Islamabad,2023-02-03,ORD0687,2024-09-08,Beauty,Moisturizer,3069,4,12276,Credit Card,No,0,4,43,Mobile,5
C130,Mehwish Ali,31,Female,Islamabad,2023-02-03,ORD0688,2024-06-17,Sports,Football,4722,3,14166,JazzCash,No,0,2,49,Mobile,6
C130,Mehwish Ali,31,Female,Islamabad,2023-02-03,ORD0689,2024-08-24,Toys,Puzzle Set,352,2,704,Cash on Delivery,No,0,2,33,Desktop,7
C130,Mehwish Ali,31,Female,Islamabad,2023-02-03,ORD0690,2024-04-17,Books,Math Textbook,2670,4,10680,JazzCash,No,0,5,30,Mobile,8
C131,Ali Raza,22,Male,Lahore,2023-01-13,ORD0691,2025-05-10,Electronics,Power Bank,4155,4,16620,Credit Card,No,0,3,32,Desktop,18
C131,Ali Raza,22,Male,Lahore,2023-01-13,ORD0692,2024-06-06,Home & Kitchen,Cutting Board,2299,4,9196,EasyPaisa,No,0,5,52,Mobile,19
C131,Ali Raza,22,Male,Lahore,2023-01-13,ORD0693,2024-02-23,Electronics,Laptop Stand,5829,2,11658,Debit Card,No,0,3,19,Mobile,20
C132,Parveen Raza,59,Female,Islamabad,2023-07-23,ORD0694,2024-09-25,Toys,Color Set,3389,2,6778,Debit Card,No,0,1,6,Mobile,11
C132,Parveen Raza,59,Female,Islamabad,2023-07-23,ORD0695,2024-01-07,Health,Omega 3 Capsules,1824,3,5472,Cash on Delivery,No,0,4,54,Desktop,12
C132,Parveen Raza,59,Female,Islamabad,2023-07-23,ORD0696,2025-04-17,Clothing,Shorts,4982,3,11957,Credit Card,Yes,20,3,50,Mobile,13
C132,Parveen Raza,59,Female,Islamabad,2023-07-23,ORD0697,2024-09-03,Clothing,Trouser,4569,4,17362,EasyPaisa,Yes,5,2,11,Mobile,14
C132,Parveen Raza,59,Female,Islamabad,2023-07-23,ORD0698,2025-02-16,Electronics,Phone Case,13960,4,55840,Credit Card,No,0,3,7,Tablet,15
C132,Parveen Raza,59,Female,Islamabad,2023-07-23,ORD0699,2024-11-02,Books,Science Book,601,2,1202,EasyPaisa,No,0,3,40,Mobile,16
C133,Samina Siddiqui,39,Female,Hyderabad,2023-03-08,ORD0700,2024-06-21,Beauty,Body Lotion,1178,2,2356,Debit Card,No,0,2,33,Mobile,11
C133,Samina Siddiqui,39,Female,Hyderabad,2023-03-08,ORD0701,2024-12-28,Health,BP Monitor,4613,1,4613,EasyPaisa,No,0,5,5,Mobile,12
C133,Samina Siddiqui,39,Female,Hyderabad,2023-03-08,ORD0702,2025-02-02,Health,Vitamin Tablets,2552,2,4338,Cash on Delivery,Yes,15,4,40,Desktop,13
C133,Samina Siddiqui,39,Female,Hyderabad,2023-03-08,ORD0703,2025-03-13,Accessories,Watch Strap,1385,4,5540,Cash on Delivery,No,0,4,23,Desktop,14
C133,Samina Siddiqui,39,Female,Hyderabad,2023-03-08,ORD0704,2024-03-23,Health,Hand Sanitizer,220,2,440,JazzCash,No,0,3,60,Mobile,15
C133,Samina Siddiqui,39,Female,Hyderabad,2023-03-08,ORD0705,2024-10-24,Food,Tea Pack,2567,2,5134,EasyPaisa,No,0,2,9,Mobile,16
C133,Samina Siddiqui,39,Female,Hyderabad,2023-03-08,ORD0706,2024-09-12,Accessories,Keychain,3519,3,10557,Cash on Delivery,No,0,1,47,Tablet,17
C134,Asad Shah,22,Male,Hyderabad,2024-01-11,ORD0707,2025-02-27,Accessories,Ring,2461,4,9844,Debit Card,No,0,2,14,Tablet,29
C134,Asad Shah,22,Male,Hyderabad,2024-01-11,ORD0708,2025-04-13,Sports,Badminton Racket,2613,2,4442,Cash on Delivery,Yes,15,4,44,Desktop,30
C134,Asad Shah,22,Male,Hyderabad,2024-01-11,ORD0709,2024-01-01,Health,Pain Relief Gel,1706,2,3412,Debit Card,No,0,5,36,Tablet,31
C134,Asad Shah,22,Male,Hyderabad,2024-01-11,ORD0710,2025-04-05,Accessories,Sunglasses,2920,2,5256,Debit Card,Yes,10,2,37,Tablet,32
C134,Asad Shah,22,Male,Hyderabad,2024-01-11,ORD0711,2024-09-17,Clothing,Sweater,2203,3,6609,EasyPaisa,No,0,2,36,Mobile,33
C134,Asad Shah,22,Male,Hyderabad,2024-01-11,ORD0712,2024-01-21,Books,Science Book,2706,2,5412,Credit Card,No,0,1,23,Mobile,34
C134,Asad Shah,22,Male,Hyderabad,2024-01-11,ORD0713,2025-03-03,Food,Honey Jar,2076,3,6228,Debit Card,No,0,2,55,Tablet,35
C134,Asad Shah,22,Male,Hyderabad,2024-01-11,ORD0714,2024-03-28,Food,Juice Box,2433,2,4866,Cash on Delivery,No,0,3,37,Mobile,36
C135,Kamran Hashmi,34,Male,Islamabad,2023-04-08,ORD0715,2024-05-06,Beauty,Lip Balm,1232,3,3696,Cash on Delivery,No,0,3,33,Tablet,8
C135,Kamran Hashmi,34,Male,Islamabad,2023-04-08,ORD0716,2025-05-10,Accessories,Ring,1160,2,2320,Debit Card,No,0,2,22,Desktop,9
C135,Kamran Hashmi,34,Male,Islamabad,2023-04-08,ORD0717,2024-02-08,Beauty,Sunscreen,1448,3,3475,Credit Card,Yes,20,4,30,Tablet,10
C135,Kamran Hashmi,34,Male,Islamabad,2023-04-08,ORD0718,2025-03-03,Health,Vitamin Tablets,2592,1,2333,Cash on Delivery,Yes,10,4,49,Tablet,11
C136,Fatima Nawaz,47,Female,Lahore,2024-03-28,ORD0719,2024-05-29,Health,Protein Powder,844,4,3376,EasyPaisa,No,0,1,60,Tablet,6
C136,Fatima Nawaz,47,Female,Lahore,2024-03-28,ORD0720,2024-08-30,Clothing,T-Shirt,3977,2,6363,Cash on Delivery,Yes,20,4,54,Desktop,7
C136,Fatima Nawaz,47,Female,Lahore,2024-03-28,ORD0721,2025-04-12,Books,Python Programming,2353,1,2353,Credit Card,No,0,2,18,Desktop,8
C136,Fatima Nawaz,47,Female,Lahore,2024-03-28,ORD0722,2024-09-29,Electronics,Mouse,9124,4,29197,Credit Card,Yes,20,4,58,Mobile,9
C137,Uzma Mirza,60,Female,Faisalabad,2024-03-07,ORD0723,2024-07-07,Beauty,Shampoo,583,2,1166,Debit Card,No,0,5,8,Mobile,29
C137,Uzma Mirza,60,Female,Faisalabad,2024-03-07,ORD0724,2025-03-14,Beauty,Hair Oil,2707,4,10828,Debit Card,No,0,5,48,Tablet,30
C137,Uzma Mirza,60,Female,Faisalabad,2024-03-07,ORD0725,2024-09-03,Accessories,Bracelet,1411,4,5362,EasyPaisa,Yes,5,3,40,Tablet,31
C137,Uzma Mirza,60,Female,Faisalabad,2024-03-07,ORD0726,2024-11-11,Health,Pain Relief Gel,2949,3,8847,Cash on Delivery,No,0,4,43,Tablet,32
C137,Uzma Mirza,60,Female,Faisalabad,2024-03-07,ORD0727,2024-10-20,Home & Kitchen,Water Bottle,5465,4,21860,Credit Card,No,0,2,7,Tablet,33
C137,Uzma Mirza,60,Female,Faisalabad,2024-03-07,ORD0728,2024-10-07,Books,Business Book,237,4,806,Credit Card,Yes,15,4,2,Mobile,34
C137,Uzma Mirza,60,Female,Faisalabad,2024-03-07,ORD0729,2025-02-06,Toys,Color Set,4876,1,4876,Credit Card,No,0,5,51,Desktop,35
C138,Hamza Malik,22,Male,Lahore,2024-04-30,ORD0730,2025-01-03,Home & Kitchen,Water Bottle,6526,4,23494,Credit Card,Yes,10,2,40,Mobile,11
C138,Hamza Malik,22,Male,Lahore,2024-04-30,ORD0731,2024-03-13,Food,Snack Pack,493,1,493,JazzCash,No,0,2,27,Mobile,12
C138,Hamza Malik,22,Male,Lahore,2024-04-30,ORD0732,2024-05-21,Food,Honey Jar,2291,2,4582,JazzCash,No,0,5,19,Mobile,13
C139,Hamza Ali,45,Male,Peshawar,2023-10-15,ORD0733,2024-02-29,Books,Data Science Guide,1240,1,1054,JazzCash,Yes,15,2,7,Tablet,13
C139,Hamza Ali,45,Male,Peshawar,2023-10-15,ORD0734,2024-04-15,Home & Kitchen,Lunch Box,809,1,809,Debit Card,No,0,4,36,Desktop,14
C139,Hamza Ali,45,Male,Peshawar,2023-10-15,ORD0735,2024-02-20,Sports,Sports Bottle,6253,3,18759,Cash on Delivery,No,0,2,5,Desktop,15
C139,Hamza Ali,45,Male,Peshawar,2023-10-15,ORD0736,2024-07-11,Toys,Color Set,2017,2,4034,JazzCash,No,0,2,58,Mobile,16
C139,Hamza Ali,45,Male,Peshawar,2023-10-15,ORD0737,2025-01-07,Toys,Card Game,1481,2,2518,Cash on Delivery,Yes,15,4,12,Tablet,17
C139,Hamza Ali,45,Male,Peshawar,2023-10-15,ORD0738,2024-07-24,Clothing,Shorts,2882,1,2882,Cash on Delivery,No,0,2,24,Desktop,18
C140,Imran Khan,57,Male,Peshawar,2024-01-26,ORD0739,2024-11-13,Clothing,T-Shirt,2071,3,6213,JazzCash,No,0,1,31,Mobile,7
C140,Imran Khan,57,Male,Peshawar,2024-01-26,ORD0740,2024-06-19,Books,Math Textbook,751,3,2253,JazzCash,No,0,3,28,Tablet,8
C140,Imran Khan,57,Male,Peshawar,2024-01-26,ORD0741,2024-12-16,Electronics,Webcam,12115,2,24230,Cash on Delivery,No,0,3,14,Tablet,9
C140,Imran Khan,57,Male,Peshawar,2024-01-26,ORD0742,2025-04-05,Toys,Action Figure,2399,3,7197,Credit Card,No,0,5,43,Tablet,10
C140,Imran Khan,57,Male,Peshawar,2024-01-26,ORD0743,2024-07-19,Accessories,Cap,2289,2,4578,EasyPaisa,No,0,2,6,Tablet,11
C140,Imran Khan,57,Male,Peshawar,2024-01-26,ORD0744,2025-04-26,Beauty,Face Mask,3630,2,7260,Credit Card,No,0,2,54,Mobile,12
C141,Naila Ali,26,Female,Karachi,2024-05-18,ORD0745,2025-03-29,Health,BP Monitor,4070,4,16280,EasyPaisa,No,0,5,41,Tablet,5
C141,Naila Ali,26,Female,Karachi,2024-05-18,ORD0746,2024-04-07,Health,Omega 3 Capsules,2260,1,2260,EasyPaisa,No,0,2,12,Tablet,6
C141,Naila Ali,26,Female,Karachi,2024-05-18,ORD0747,2024-10-06,Food,Rice Bag,1736,2,3472,Credit Card,No,0,5,4,Mobile,7
C142,Nadeem Khan,37,Male,Rawalpindi,2023-05-01,ORD0748,2025-03-13,Electronics,Bluetooth Speaker,6057,2,12114,JazzCash,No,0,5,14,Tablet,6
C142,Nadeem Khan,37,Male,Rawalpindi,2023-05-01,ORD0749,2024-02-25,Health,Thermometer,3702,1,3702,Debit Card,No,0,3,14,Desktop,7
C142,Nadeem Khan,37,Male,Rawalpindi,2023-05-01,ORD0750,2024-08-29,Home & Kitchen,Blender,7543,3,22629,EasyPaisa,No,0,2,51,Mobile,8
C142,Nadeem Khan,37,Male,Rawalpindi,2023-05-01,ORD0751,2024-05-06,Health,Omega 3 Capsules,3703,4,14812,Credit Card,No,0,1,31,Mobile,9
C142,Nadeem Khan,37,Male,Rawalpindi,2023-05-01,ORD0752,2024-06-11,Electronics,Smart Watch,1859,3,5577,EasyPaisa,No,0,4,51,Mobile,10
C143,Ahmed Qureshi,21,Male,Faisalabad,2023-05-16,ORD0753,2025-01-13,Clothing,Polo Shirt,4988,1,4489,EasyPaisa,Yes,10,5,5,Mobile,9
C143,Ahmed Qureshi,21,Male,Faisalabad,2023-05-16,ORD0754,2025-03-16,Health,Protein Powder,1496,1,1421,Credit Card,Yes,5,4,6,Mobile,10
C143,Ahmed Qureshi,21,Male,Faisalabad,2023-05-16,ORD0755,2025-04-19,Health,Hand Sanitizer,2289,2,4578,Credit Card,No,0,3,31,Desktop,11
C143,Ahmed Qureshi,21,Male,Faisalabad,2023-05-16,ORD0756,2024-04-10,Books,English Grammar,2414,3,7242,JazzCash,No,0,1,16,Mobile,12
C144,Asad Khan,27,Male,Karachi,2024-06-24,ORD0757,2025-04-12,Home & Kitchen,Cooking Pan,4330,3,12990,EasyPaisa,No,0,4,26,Tablet,3
C144,Asad Khan,27,Male,Karachi,2024-06-24,ORD0758,2025-01-18,Toys,Puzzle Set,2052,3,6156,Cash on Delivery,No,0,4,41,Tablet,4
C144,Asad Khan,27,Male,Karachi,2024-06-24,ORD0759,2024-05-18,Toys,Remote Car,4221,2,8442,EasyPaisa,No,0,2,52,Mobile,5
C144,Asad Khan,27,Male,Karachi,2024-06-24,ORD0760,2024-02-03,Home & Kitchen,Mug Set,4790,1,4790,EasyPaisa,No,0,1,20,Desktop,6
C144,Asad Khan,27,Male,Karachi,2024-06-24,ORD0761,2025-02-26,Beauty,Hair Oil,1746,3,4976,Credit Card,Yes,5,4,24,Mobile,7
C144,Asad Khan,27,Male,Karachi,2024-06-24,ORD0762,2025-05-20,Health,BP Monitor,1179,4,4716,EasyPaisa,No,0,1,6,Tablet,8
C144,Asad Khan,27,Male,Karachi,2024-06-24,ORD0763,2024-06-01,Clothing,Polo Shirt,3211,2,6422,Credit Card,No,0,1,48,Tablet,9
C144,Asad Khan,27,Male,Karachi,2024-06-24,ORD0764,2024-10-27,Food,Chocolate Box,1028,1,977,EasyPaisa,Yes,5,3,2,Mobile,10
C145,Tahira Butt,19,Female,Karachi,2023-08-04,ORD0765,2024-04-09,Health,Omega 3 Capsules,4666,1,3966,JazzCash,Yes,15,5,6,Desktop,25
C145,Tahira Butt,19,Female,Karachi,2023-08-04,ORD0766,2024-02-20,Toys,Building Blocks,3859,4,14664,EasyPaisa,Yes,5,4,60,Mobile,26
C145,Tahira Butt,19,Female,Karachi,2023-08-04,ORD0767,2024-03-07,Books,History Book,437,2,874,Debit Card,No,0,1,47,Mobile,27
C145,Tahira Butt,19,Female,Karachi,2023-08-04,ORD0768,2024-02-08,Home & Kitchen,Cooking Pan,6719,4,26876,Credit Card,No,0,5,35,Mobile,28
C145,Tahira Butt,19,Female,Karachi,2023-08-04,ORD0769,2024-04-01,Electronics,Keyboard,5013,3,15039,Cash on Delivery,No,0,2,41,Mobile,29
C145,Tahira Butt,19,Female,Karachi,2023-08-04,ORD0770,2025-03-16,Sports,Cricket Ball,350,3,1050,Debit Card,No,0,1,45,Tablet,30
C145,Tahira Butt,19,Female,Karachi,2023-08-04,ORD0771,2024-05-30,Home & Kitchen,Lunch Box,5704,4,22816,Credit Card,No,0,5,40,Mobile,31
C146,Junaid Hashmi,23,Male,Islamabad,2024-03-23,ORD0772,2024-08-25,Toys,Card Game,4129,1,3716,Credit Card,Yes,10,3,3,Tablet,2
C146,Junaid Hashmi,23,Male,Islamabad,2024-03-23,ORD0773,2024-10-02,Clothing,T-Shirt,4417,2,8834,JazzCash,No,0,1,51,Mobile,3
C146,Junaid Hashmi,23,Male,Islamabad,2024-03-23,ORD0774,2024-03-31,Sports,Cricket Ball,6391,4,24286,Debit Card,Yes,5,2,2,Mobile,4
C147,Rabia Mirza,47,Female,Lahore,2023-06-25,ORD0775,2025-01-07,Health,Omega 3 Capsules,4741,3,14223,JazzCash,No,0,2,50,Desktop,5
C147,Rabia Mirza,47,Female,Lahore,2023-06-25,ORD0776,2024-01-09,Home & Kitchen,Cutting Board,835,3,2505,Cash on Delivery,No,0,3,48,Desktop,6
C147,Rabia Mirza,47,Female,Lahore,2023-06-25,ORD0777,2024-03-25,Sports,Badminton Racket,893,3,2277,EasyPaisa,Yes,15,2,10,Mobile,7
C147,Rabia Mirza,47,Female,Lahore,2023-06-25,ORD0778,2025-01-18,Books,Self Help Book,899,1,899,Debit Card,No,0,3,2,Desktop,8
C147,Rabia Mirza,47,Female,Lahore,2023-06-25,ORD0779,2024-07-26,Books,Islamic Studies,662,2,1324,Debit Card,No,0,1,29,Mobile,9
C148,Hira Chaudhry,64,Female,Multan,2023-01-17,ORD0780,2024-11-01,Clothing,Kurta,685,2,1302,Debit Card,Yes,5,5,51,Mobile,5
C148,Hira Chaudhry,64,Female,Multan,2023-01-17,ORD0781,2025-02-15,Accessories,Belt,2582,2,5164,Cash on Delivery,No,0,5,45,Mobile,6
C148,Hira Chaudhry,64,Female,Multan,2023-01-17,ORD0782,2024-10-18,Clothing,Jacket,1656,4,6624,Credit Card,No,0,1,34,Desktop,7
C148,Hira Chaudhry,64,Female,Multan,2023-01-17,ORD0783,2025-03-01,Health,Omega 3 Capsules,3024,1,3024,EasyPaisa,No,0,4,57,Mobile,8
C148,Hira Chaudhry,64,Female,Multan,2023-01-17,ORD0784,2024-08-22,Clothing,Sweater,4753,2,8555,EasyPaisa,Yes,10,4,43,Desktop,9
C149,Amna Nawaz,23,Female,Faisalabad,2024-02-16,ORD0785,2024-03-08,Food,Spice Set,2886,1,2886,EasyPaisa,No,0,5,51,Mobile,13
C149,Amna Nawaz,23,Female,Faisalabad,2024-02-16,ORD0786,2024-10-04,Books,Data Science Guide,2118,1,2118,Credit Card,No,0,1,52,Desktop,14
C149,Amna Nawaz,23,Female,Faisalabad,2024-02-16,ORD0787,2025-02-26,Electronics,Webcam,12290,3,36870,Debit Card,No,0,3,56,Mobile,15
C149,Amna Nawaz,23,Female,Faisalabad,2024-02-16,ORD0788,2024-09-19,Accessories,Ring,1293,4,5172,Cash on Delivery,No,0,5,46,Mobile,16
C149,Amna Nawaz,23,Female,Faisalabad,2024-02-16,ORD0789,2025-03-19,Beauty,Moisturizer,1572,2,2987,Cash on Delivery,Yes,5,4,22,Tablet,17
C150,Sumera Nawaz,53,Female,Quetta,2023-07-27,ORD0790,2024-10-12,Toys,Building Blocks,269,4,1022,Debit Card,Yes,5,5,53,Tablet,10
C150,Sumera Nawaz,53,Female,Quetta,2023-07-27,ORD0791,2024-09-29,Books,History Book,1923,1,1923,JazzCash,No,0,2,3,Tablet,11
C150,Sumera Nawaz,53,Female,Quetta,2023-07-27,ORD0792,2024-04-29,Electronics,Keyboard,4991,3,14973,Cash on Delivery,No,0,4,55,Desktop,12
C151,Asad Khan,33,Male,Rawalpindi,2024-03-25,ORD0793,2024-03-07,Accessories,Cap,3191,4,12764,Cash on Delivery,No,0,2,7,Tablet,23
C151,Asad Khan,33,Male,Rawalpindi,2024-03-25,ORD0794,2024-07-26,Beauty,Perfume,650,2,1300,Debit Card,No,0,4,57,Desktop,24
C151,Asad Khan,33,Male,Rawalpindi,2024-03-25,ORD0795,2024-06-08,Electronics,Bluetooth Speaker,14593,4,58372,Cash on Delivery,No,0,3,45,Desktop,25
C151,Asad Khan,33,Male,Rawalpindi,2024-03-25,ORD0796,2025-01-20,Accessories,Backpack,2616,3,6671,JazzCash,Yes,15,4,60,Mobile,26
C151,Asad Khan,33,Male,Rawalpindi,2024-03-25,ORD0797,2024-05-06,Sports,Dumbbells,4347,2,8694,Debit Card,No,0,5,39,Mobile,27
C151,Asad Khan,33,Male,Rawalpindi,2024-03-25,ORD0798,2025-05-11,Toys,Stuffed Toy,4547,3,13641,Credit Card,No,0,2,39,Mobile,28
C151,Asad Khan,33,Male,Rawalpindi,2024-03-25,ORD0799,2025-01-23,Accessories,Ring,2685,4,10740,JazzCash,No,0,1,20,Tablet,29
C151,Asad Khan,33,Male,Rawalpindi,2024-03-25,ORD0800,2024-11-20,Toys,Doll,4241,1,4241,Cash on Delivery,No,0,3,14,Desktop,30
C152,Imran Butt,63,Male,Multan,2023-12-03,ORD0801,2025-02-09,Electronics,Mouse,13396,4,42867,Cash on Delivery,Yes,20,4,46,Mobile,12
C152,Imran Butt,63,Male,Multan,2023-12-03,ORD0802,2025-01-21,Home & Kitchen,Tea Set,7588,1,6450,JazzCash,Yes,15,4,18,Tablet,13
C152,Imran Butt,63,Male,Multan,2023-12-03,ORD0803,2024-11-11,Clothing,Kurta,708,3,1912,Debit Card,Yes,10,5,30,Tablet,14
C153,Hamza Khan,44,Male,Peshawar,2023-09-25,ORD0804,2024-02-29,Health,Mask Pack,4714,1,4478,EasyPaisa,Yes,5,4,58,Tablet,11
C153,Hamza Khan,44,Male,Peshawar,2023-09-25,ORD0805,2024-12-12,Clothing,Polo Shirt,4445,4,15113,JazzCash,Yes,15,5,16,Tablet,12
C153,Hamza Khan,44,Male,Peshawar,2023-09-25,ORD0806,2024-11-06,Electronics,Power Bank,1308,4,4970,Cash on Delivery,Yes,5,4,16,Mobile,13
C154,Ali Javed,24,Male,Quetta,2024-01-05,ORD0807,2024-09-26,Food,Biscuit Pack,723,2,1374,EasyPaisa,Yes,5,5,26,Tablet,23
C154,Ali Javed,24,Male,Quetta,2024-01-05,ORD0808,2025-05-03,Toys,Board Game,2183,3,5239,JazzCash,Yes,20,3,30,Mobile,24
C154,Ali Javed,24,Male,Quetta,2024-01-05,ORD0809,2024-09-30,Sports,Gym Gloves,1240,3,3720,Cash on Delivery,No,0,4,2,Mobile,25
C154,Ali Javed,24,Male,Quetta,2024-01-05,ORD0810,2024-01-11,Clothing,Polo Shirt,3270,1,2616,Debit Card,Yes,20,3,35,Desktop,26
C154,Ali Javed,24,Male,Quetta,2024-01-05,ORD0811,2024-12-21,Books,Self Help Book,2606,3,7818,Credit Card,No,0,1,26,Desktop,27
C154,Ali Javed,24,Male,Quetta,2024-01-05,ORD0812,2025-03-23,Home & Kitchen,Storage Container,7929,4,31716,JazzCash,No,0,4,44,Mobile,28
C154,Ali Javed,24,Male,Quetta,2024-01-05,ORD0813,2025-01-29,Home & Kitchen,Storage Container,4887,1,4887,Debit Card,No,0,3,13,Mobile,29
C154,Ali Javed,24,Male,Quetta,2024-01-05,ORD0814,2024-12-26,Home & Kitchen,Cutting Board,2315,1,2084,EasyPaisa,Yes,10,4,12,Desktop,30
C155,Faisal Butt,54,Male,Islamabad,2024-06-12,ORD0815,2024-04-26,Toys,Card Game,2362,3,6023,Credit Card,Yes,15,4,37,Desktop,26
C155,Faisal Butt,54,Male,Islamabad,2024-06-12,ORD0816,2024-07-23,Food,Dry Fruits Pack,1040,1,1040,Cash on Delivery,No,0,2,54,Mobile,27
C155,Faisal Butt,54,Male,Islamabad,2024-06-12,ORD0817,2024-08-02,Food,Chocolate Box,1720,1,1720,EasyPaisa,No,0,5,16,Mobile,28
C155,Faisal Butt,54,Male,Islamabad,2024-06-12,ORD0818,2024-02-05,Electronics,Mouse,2839,4,11356,Credit Card,No,0,5,5,Mobile,29
C156,Kiran Dar,63,Female,Rawalpindi,2023-10-29,ORD0819,2024-04-08,Electronics,Phone Case,11135,2,22270,JazzCash,No,0,5,33,Tablet,15
C156,Kiran Dar,63,Female,Rawalpindi,2023-10-29,ORD0820,2024-03-04,Electronics,Wireless Earbuds,4370,2,7866,EasyPaisa,Yes,10,3,42,Desktop,16
C156,Kiran Dar,63,Female,Rawalpindi,2023-10-29,ORD0821,2024-04-02,Clothing,Shorts,764,3,2292,Cash on Delivery,No,0,4,59,Mobile,17
C156,Kiran Dar,63,Female,Rawalpindi,2023-10-29,ORD0822,2024-03-05,Accessories,Ring,3752,4,14258,JazzCash,Yes,5,5,38,Mobile,18
C156,Kiran Dar,63,Female,Rawalpindi,2023-10-29,ORD0823,2024-04-29,Electronics,Power Bank,849,3,2547,Credit Card,No,0,1,30,Tablet,19
C156,Kiran Dar,63,Female,Rawalpindi,2023-10-29,ORD0824,2024-07-07,Books,Math Textbook,1980,4,7920,Debit Card,No,0,2,28,Mobile,20
C156,Kiran Dar,63,Female,Rawalpindi,2023-10-29,ORD0825,2025-02-21,Beauty,Body Lotion,689,2,1171,Cash on Delivery,Yes,15,4,47,Mobile,21
C156,Kiran Dar,63,Female,Rawalpindi,2023-10-29,ORD0826,2024-03-18,Clothing,Formal Shirt,4934,2,9868,Cash on Delivery,No,0,5,36,Tablet,22
C157,Zara Sheikh,37,Female,Islamabad,2023-12-31,ORD0827,2025-01-04,Food,Tea Pack,990,4,3960,JazzCash,No,0,5,30,Tablet,19
C157,Zara Sheikh,37,Female,Islamabad,2023-12-31,ORD0828,2025-02-17,Beauty,Face Mask,1843,4,7372,Debit Card,No,0,2,45,Mobile,20
C157,Zara Sheikh,37,Female,Islamabad,2023-12-31,ORD0829,2024-01-03,Home & Kitchen,Plate Set,6325,4,25300,Credit Card,No,0,1,22,Mobile,21
C157,Zara Sheikh,37,Female,Islamabad,2023-12-31,ORD0830,2024-05-20,Clothing,Jeans,3797,4,15188,Credit Card,No,0,3,25,Mobile,22
C158,Fahad Ahmed,58,Male,Multan,2023-10-21,ORD0831,2024-07-23,Clothing,Jeans,2179,1,2179,EasyPaisa,No,0,2,10,Tablet,24
C158,Fahad Ahmed,58,Male,Multan,2023-10-21,ORD0832,2024-12-01,Food,Dry Fruits Pack,855,3,2180,Debit Card,Yes,15,3,18,Tablet,25
C158,Fahad Ahmed,58,Male,Multan,2023-10-21,ORD0833,2024-08-07,Home & Kitchen,Plate Set,3311,4,11920,JazzCash,Yes,10,4,6,Desktop,26
C158,Fahad Ahmed,58,Male,Multan,2023-10-21,ORD0834,2025-01-31,Books,Python Programming,2098,3,6294,Cash on Delivery,No,0,4,28,Mobile,27
C158,Fahad Ahmed,58,Male,Multan,2023-10-21,ORD0835,2024-06-26,Home & Kitchen,Blender,2506,1,2506,Debit Card,No,0,5,7,Mobile,28
C159,Kamran Javed,47,Male,Multan,2023-08-01,ORD0836,2024-08-14,Home & Kitchen,Knife Set,6232,1,6232,Cash on Delivery,No,0,4,19,Mobile,30
C159,Kamran Javed,47,Male,Multan,2023-08-01,ORD0837,2024-10-10,Electronics,Power Bank,902,2,1804,EasyPaisa,No,0,2,49,Desktop,31
C159,Kamran Javed,47,Male,Multan,2023-08-01,ORD0838,2024-10-28,Books,Business Book,2920,4,11680,EasyPaisa,No,0,3,2,Mobile,32
C159,Kamran Javed,47,Male,Multan,2023-08-01,ORD0839,2024-10-08,Beauty,Shampoo,3860,4,13896,Cash on Delivery,Yes,10,3,44,Tablet,33
C159,Kamran Javed,47,Male,Multan,2023-08-01,ORD0840,2024-06-30,Sports,Yoga Mat,6214,4,24856,EasyPaisa,No,0,3,5,Desktop,34
C160,Hira Sheikh,62,Female,Multan,2023-10-22,ORD0841,2024-11-08,Home & Kitchen,Tea Set,4056,1,3853,JazzCash,Yes,5,5,20,Desktop,26
C160,Hira Sheikh,62,Female,Multan,2023-10-22,ORD0842,2024-07-31,Home & Kitchen,Blender,6725,2,13450,Cash on Delivery,No,0,4,26,Desktop,27
C160,Hira Sheikh,62,Female,Multan,2023-10-22,ORD0843,2025-03-15,Food,Snack Pack,2738,1,2738,Credit Card,No,0,5,19,Mobile,28
C160,Hira Sheikh,62,Female,Multan,2023-10-22,ORD0844,2024-05-20,Sports,Cricket Ball,2178,3,6534,JazzCash,No,0,2,33,Desktop,29
C160,Hira Sheikh,62,Female,Multan,2023-10-22,ORD0845,2025-05-10,Toys,Stuffed Toy,1573,2,2989,JazzCash,Yes,5,5,11,Desktop,30
C161,Rabia Sheikh,56,Female,Faisalabad,2023-04-22,ORD0846,2024-11-25,Beauty,Lip Balm,1397,2,2794,Cash on Delivery,No,0,2,21,Tablet,21
C161,Rabia Sheikh,56,Female,Faisalabad,2023-04-22,ORD0847,2024-05-30,Beauty,Sunscreen,1429,4,5144,Debit Card,Yes,10,3,6,Mobile,22
C161,Rabia Sheikh,56,Female,Faisalabad,2023-04-22,ORD0848,2025-05-28,Food,Honey Jar,1458,1,1239,JazzCash,Yes,15,5,48,Mobile,23
C161,Rabia Sheikh,56,Female,Faisalabad,2023-04-22,ORD0849,2024-03-30,Books,Data Science Guide,1004,2,1908,JazzCash,Yes,5,5,43,Mobile,24
C161,Rabia Sheikh,56,Female,Faisalabad,2023-04-22,ORD0850,2024-04-15,Sports,Badminton Racket,6027,3,14465,EasyPaisa,Yes,20,5,33,Mobile,25
C162,Bilal Butt,63,Male,Faisalabad,2024-01-09,ORD0851,2025-03-17,Sports,Dumbbells,3751,2,6752,Credit Card,Yes,10,3,30,Mobile,18
C162,Bilal Butt,63,Male,Faisalabad,2024-01-09,ORD0852,2025-04-08,Clothing,Polo Shirt,3158,3,9474,EasyPaisa,No,0,2,42,Mobile,19
C162,Bilal Butt,63,Male,Faisalabad,2024-01-09,ORD0853,2024-12-01,Home & Kitchen,Storage Container,852,2,1704,Cash on Delivery,No,0,4,51,Tablet,20
C163,Iqra Iqbal,53,Female,Quetta,2023-12-23,ORD0854,2024-03-09,Health,Mask Pack,3862,4,14676,Debit Card,Yes,5,5,28,Tablet,21
C163,Iqra Iqbal,53,Female,Quetta,2023-12-23,ORD0855,2025-01-21,Beauty,Nail Polish,644,3,1932,Debit Card,No,0,2,7,Tablet,22
C163,Iqra Iqbal,53,Female,Quetta,2023-12-23,ORD0856,2024-01-05,Electronics,Smart Watch,9134,3,24662,EasyPaisa,Yes,10,3,31,Tablet,23
C163,Iqra Iqbal,53,Female,Quetta,2023-12-23,ORD0857,2024-01-10,Home & Kitchen,Water Bottle,1038,2,2076,JazzCash,No,0,1,14,Mobile,24
C163,Iqra Iqbal,53,Female,Quetta,2023-12-23,ORD0858,2024-08-05,Beauty,Body Lotion,1734,4,6936,Credit Card,No,0,3,8,Desktop,25
C163,Iqra Iqbal,53,Female,Quetta,2023-12-23,ORD0859,2024-03-16,Accessories,Watch Strap,1964,1,1964,Cash on Delivery,No,0,2,41,Tablet,26
C164,Sumera Raza,56,Female,Sialkot,2023-02-01,ORD0860,2025-03-15,Toys,Color Set,3114,3,9342,EasyPaisa,No,0,2,47,Tablet,0
C164,Sumera Raza,56,Female,Sialkot,2023-02-01,ORD0861,2024-10-26,Home & Kitchen,Mug Set,6435,3,17375,JazzCash,Yes,10,4,60,Desktop,1
C164,Sumera Raza,56,Female,Sialkot,2023-02-01,ORD0862,2025-02-24,Beauty,Nail Polish,3230,1,3230,Credit Card,No,0,1,28,Tablet,2
C164,Sumera Raza,56,Female,Sialkot,2023-02-01,ORD0863,2025-01-24,Beauty,Hair Oil,1953,4,6250,EasyPaisa,Yes,20,4,11,Desktop,3
C164,Sumera Raza,56,Female,Sialkot,2023-02-01,ORD0864,2024-06-02,Sports,Badminton Racket,3059,2,5200,Credit Card,Yes,15,4,21,Mobile,4
C164,Sumera Raza,56,Female,Sialkot,2023-02-01,ORD0865,2024-12-22,Clothing,Jeans,4188,1,4188,JazzCash,No,0,2,44,Tablet,5
C165,Usman Dar,38,Male,Islamabad,2023-03-30,ORD0866,2024-01-02,Sports,Sports Bag,1248,1,1248,Debit Card,No,0,2,49,Mobile,11
C165,Usman Dar,38,Male,Islamabad,2023-03-30,ORD0867,2024-03-21,Accessories,Keychain,1800,1,1440,Credit Card,Yes,20,5,39,Mobile,12
C165,Usman Dar,38,Male,Islamabad,2023-03-30,ORD0868,2025-05-20,Books,Fiction Novel,2488,2,4976,Credit Card,No,0,4,52,Desktop,13
C165,Usman Dar,38,Male,Islamabad,2023-03-30,ORD0869,2024-12-29,Sports,Dumbbells,3505,4,11216,Debit Card,Yes,20,4,56,Desktop,14
C165,Usman Dar,38,Male,Islamabad,2023-03-30,ORD0870,2024-12-15,Books,Islamic Studies,1411,2,2822,Credit Card,No,0,3,28,Tablet,15
C165,Usman Dar,38,Male,Islamabad,2023-03-30,ORD0871,2025-03-16,Beauty,Body Lotion,840,3,2520,Debit Card,No,0,2,8,Desktop,16
C165,Usman Dar,38,Male,Islamabad,2023-03-30,ORD0872,2025-03-24,Clothing,Sweater,3079,1,3079,EasyPaisa,No,0,3,38,Mobile,17
C166,Raza Mirza,36,Male,Quetta,2023-01-26,ORD0873,2024-09-10,Food,Coffee Beans,1994,3,5683,JazzCash,Yes,5,3,18,Tablet,16
C166,Raza Mirza,36,Male,Quetta,2023-01-26,ORD0874,2025-05-18,Books,Self Help Book,1625,2,2763,JazzCash,Yes,15,3,27,Desktop,17
C166,Raza Mirza,36,Male,Quetta,2023-01-26,ORD0875,2025-05-06,Accessories,Keychain,783,2,1566,Debit Card,No,0,4,4,Mobile,18
C167,Samina Shah,45,Female,Hyderabad,2023-07-08,ORD0876,2024-04-28,Home & Kitchen,Cooking Pan,1014,2,2028,Credit Card,No,0,3,8,Desktop,16
C167,Samina Shah,45,Female,Hyderabad,2023-07-08,ORD0877,2025-04-12,Beauty,Body Lotion,3882,2,7764,Cash on Delivery,No,0,2,33,Mobile,17
C167,Samina Shah,45,Female,Hyderabad,2023-07-08,ORD0878,2025-02-22,Books,Business Book,2720,3,8160,Cash on Delivery,No,0,2,19,Desktop,18
C168,Hamza Malik,40,Male,Sialkot,2023-03-04,ORD0879,2024-02-11,Accessories,Wallet,1438,2,2301,Debit Card,Yes,20,4,49,Desktop,10
C168,Hamza Malik,40,Male,Sialkot,2023-03-04,ORD0880,2024-03-22,Books,History Book,769,4,2768,JazzCash,Yes,10,4,22,Mobile,11
C168,Hamza Malik,40,Male,Sialkot,2023-03-04,ORD0881,2024-08-08,Home & Kitchen,Storage Container,5667,1,5667,Credit Card,No,0,3,41,Tablet,12
C168,Hamza Malik,40,Male,Sialkot,2023-03-04,ORD0882,2024-07-01,Home & Kitchen,Cutting Board,5492,3,13181,Cash on Delivery,Yes,20,4,2,Tablet,13
C168,Hamza Malik,40,Male,Sialkot,2023-03-04,ORD0883,2025-02-24,Sports,Dumbbells,2202,2,4404,EasyPaisa,No,0,4,58,Mobile,14
C168,Hamza Malik,40,Male,Sialkot,2023-03-04,ORD0884,2024-09-09,Toys,Puzzle Set,1398,2,2237,EasyPaisa,Yes,20,4,49,Desktop,15
C168,Hamza Malik,40,Male,Sialkot,2023-03-04,ORD0885,2024-06-16,Health,Pain Relief Gel,3539,1,3539,Cash on Delivery,No,0,2,14,Desktop,16
C168,Hamza Malik,40,Male,Sialkot,2023-03-04,ORD0886,2024-12-09,Books,Fiction Novel,1611,3,3866,EasyPaisa,Yes,20,4,46,Mobile,17
C169,Maryam Qureshi,48,Female,Quetta,2023-06-02,ORD0887,2025-01-17,Clothing,Jacket,4088,1,4088,Debit Card,No,0,3,30,Mobile,9
C169,Maryam Qureshi,48,Female,Quetta,2023-06-02,ORD0888,2025-02-28,Sports,Sports Bag,3341,1,2673,EasyPaisa,Yes,20,4,56,Tablet,10
C169,Maryam Qureshi,48,Female,Quetta,2023-06-02,ORD0889,2025-05-24,Home & Kitchen,Storage Container,3926,3,11189,Cash on Delivery,Yes,5,2,45,Desktop,11
C169,Maryam Qureshi,48,Female,Quetta,2023-06-02,ORD0890,2024-07-20,Health,Omega 3 Capsules,4900,3,13230,Cash on Delivery,Yes,10,2,12,Tablet,12
C169,Maryam Qureshi,48,Female,Quetta,2023-06-02,ORD0891,2024-01-26,Books,History Book,2234,3,5697,Cash on Delivery,Yes,15,4,27,Desktop,13
C170,Omar Javed,54,Male,Faisalabad,2024-01-11,ORD0892,2024-05-14,Home & Kitchen,Knife Set,1067,1,1014,Cash on Delivery,Yes,5,2,9,Desktop,16
C170,Omar Javed,54,Male,Faisalabad,2024-01-11,ORD0893,2025-04-08,Clothing,Trouser,2713,2,4883,Credit Card,Yes,10,2,17,Tablet,17
C170,Omar Javed,54,Male,Faisalabad,2024-01-11,ORD0894,2024-08-19,Electronics,Laptop Stand,4672,2,8877,Credit Card,Yes,5,4,26,Desktop,18
C170,Omar Javed,54,Male,Faisalabad,2024-01-11,ORD0895,2024-06-04,Food,Biscuit Pack,2141,2,4282,JazzCash,No,0,5,53,Desktop,19
C171,Sumera Malik,47,Female,Rawalpindi,2023-04-27,ORD0896,2025-05-10,Clothing,Jacket,4452,2,8904,Cash on Delivery,No,0,4,45,Desktop,16
C171,Sumera Malik,47,Female,Rawalpindi,2023-04-27,ORD0897,2025-01-26,Health,Omega 3 Capsules,3603,4,12250,Credit Card,Yes,15,3,28,Tablet,17
C171,Sumera Malik,47,Female,Rawalpindi,2023-04-27,ORD0898,2024-08-19,Home & Kitchen,Storage Container,7935,2,15077,EasyPaisa,Yes,5,3,54,Desktop,18
C171,Sumera Malik,47,Female,Rawalpindi,2023-04-27,ORD0899,2025-03-11,Food,Dry Fruits Pack,2373,3,5695,JazzCash,Yes,20,2,40,Mobile,19
C171,Sumera Malik,47,Female,Rawalpindi,2023-04-27,ORD0900,2024-04-27,Accessories,Backpack,1697,4,6449,Cash on Delivery,Yes,5,3,33,Desktop,20
C172,Kiran Iqbal,20,Female,Faisalabad,2023-01-14,ORD0901,2025-01-25,Health,Vitamin Tablets,4824,3,13025,Debit Card,Yes,10,5,29,Mobile,19
C172,Kiran Iqbal,20,Female,Faisalabad,2023-01-14,ORD0902,2024-07-03,Home & Kitchen,Cutting Board,6529,3,16649,Cash on Delivery,Yes,15,4,47,Mobile,20
C172,Kiran Iqbal,20,Female,Faisalabad,2023-01-14,ORD0903,2024-02-02,Food,Spice Set,1030,1,1030,EasyPaisa,No,0,4,23,Mobile,21
C172,Kiran Iqbal,20,Female,Faisalabad,2023-01-14,ORD0904,2025-01-05,Books,Python Programming,431,4,1638,EasyPaisa,Yes,5,4,36,Mobile,22
C172,Kiran Iqbal,20,Female,Faisalabad,2023-01-14,ORD0905,2024-08-11,Beauty,Face Wash,1493,3,3583,JazzCash,Yes,20,2,59,Tablet,23
C172,Kiran Iqbal,20,Female,Faisalabad,2023-01-14,ORD0906,2024-11-07,Clothing,Trouser,618,4,2472,EasyPaisa,No,0,2,9,Tablet,24
C172,Kiran Iqbal,20,Female,Faisalabad,2023-01-14,ORD0907,2024-09-26,Accessories,Backpack,2079,4,7069,EasyPaisa,Yes,15,3,46,Mobile,25
C172,Kiran Iqbal,20,Female,Faisalabad,2023-01-14,ORD0908,2024-07-30,Clothing,Hoodie,3825,3,10328,Credit Card,Yes,10,4,10,Desktop,26
C173,Sumera Aslam,18,Female,Sialkot,2023-02-01,ORD0909,2024-09-06,Books,Python Programming,888,1,888,Credit Card,No,0,2,51,Mobile,14
C173,Sumera Aslam,18,Female,Sialkot,2023-02-01,ORD0910,2024-11-10,Toys,Stuffed Toy,4909,1,4664,JazzCash,Yes,5,5,55,Desktop,15
C173,Sumera Aslam,18,Female,Sialkot,2023-02-01,ORD0911,2024-05-13,Clothing,Formal Shirt,4233,2,8466,JazzCash,No,0,3,49,Mobile,16
C173,Sumera Aslam,18,Female,Sialkot,2023-02-01,ORD0912,2024-03-30,Books,English Grammar,689,1,586,Debit Card,Yes,15,4,43,Mobile,17
C173,Sumera Aslam,18,Female,Sialkot,2023-02-01,ORD0913,2024-05-25,Clothing,Trouser,980,2,1960,JazzCash,No,0,3,23,Mobile,18
C174,Zara Ali,23,Female,Peshawar,2024-01-09,ORD0914,2024-08-22,Accessories,Watch Strap,573,2,1146,Credit Card,No,0,5,5,Tablet,20
C174,Zara Ali,23,Female,Peshawar,2024-01-09,ORD0915,2024-11-11,Toys,Remote Car,3074,3,7378,EasyPaisa,Yes,20,4,36,Mobile,21
C174,Zara Ali,23,Female,Peshawar,2024-01-09,ORD0916,2025-01-24,Books,Data Science Guide,2407,2,4814,EasyPaisa,No,0,5,58,Tablet,22
C174,Zara Ali,23,Female,Peshawar,2024-01-09,ORD0917,2024-08-12,Home & Kitchen,Lunch Box,5675,3,13620,EasyPaisa,Yes,20,2,11,Mobile,23
C174,Zara Ali,23,Female,Peshawar,2024-01-09,ORD0918,2024-06-10,Sports,Gym Gloves,1657,4,6628,Debit Card,No,0,1,55,Mobile,24
C174,Zara Ali,23,Female,Peshawar,2024-01-09,ORD0919,2024-04-15,Accessories,Backpack,3409,2,6818,JazzCash,No,0,2,6,Mobile,25
C174,Zara Ali,23,Female,Peshawar,2024-01-09,ORD0920,2024-05-08,Sports,Skipping Rope,4047,4,16188,Credit Card,No,0,5,5,Mobile,26
C174,Zara Ali,23,Female,Peshawar,2024-01-09,ORD0921,2024-03-15,Accessories,Belt,948,2,1801,JazzCash,Yes,5,2,21,Mobile,27
C175,Naila Siddiqui,29,Female,Multan,2023-09-27,ORD0922,2024-04-25,Clothing,Shorts,4123,3,12369,JazzCash,No,0,4,11,Mobile,27
C175,Naila Siddiqui,29,Female,Multan,2023-09-27,ORD0923,2024-07-04,Beauty,Face Mask,1354,3,4062,Debit Card,No,0,2,59,Desktop,28
C175,Naila Siddiqui,29,Female,Multan,2023-09-27,ORD0924,2024-09-08,Food,Coffee Beans,2946,4,11784,JazzCash,No,0,5,41,Mobile,29
C175,Naila Siddiqui,29,Female,Multan,2023-09-27,ORD0925,2025-05-06,Electronics,Wireless Earbuds,9053,1,9053,Credit Card,No,0,5,9,Desktop,30
C175,Naila Siddiqui,29,Female,Multan,2023-09-27,ORD0926,2024-06-13,Electronics,Keyboard,8986,2,17972,JazzCash,No,0,4,41,Desktop,31
C175,Naila Siddiqui,29,Female,Multan,2023-09-27,ORD0927,2025-01-18,Accessories,Watch Strap,533,4,2025,Credit Card,Yes,5,2,19,Desktop,32
C175,Naila Siddiqui,29,Female,Multan,2023-09-27,ORD0928,2024-07-30,Books,History Book,2774,2,5548,Debit Card,No,0,5,49,Mobile,33
C175,Naila Siddiqui,29,Female,Multan,2023-09-27,ORD0929,2025-03-02,Books,English Grammar,798,4,3192,Credit Card,No,0,3,34,Tablet,34
C176,Faisal Hashmi,21,Male,Sialkot,2024-04-24,ORD0930,2025-04-09,Electronics,USB Cable,3982,2,7964,JazzCash,No,0,2,41,Mobile,17
C176,Faisal Hashmi,21,Male,Sialkot,2024-04-24,ORD0931,2025-04-30,Sports,Skipping Rope,632,3,1612,Credit Card,Yes,15,2,54,Mobile,18
C176,Faisal Hashmi,21,Male,Sialkot,2024-04-24,ORD0932,2024-03-06,Health,Vitamin Tablets,722,2,1300,Cash on Delivery,Yes,10,4,21,Tablet,19
C177,Asad Dar,57,Male,Islamabad,2023-04-24,ORD0933,2025-01-23,Food,Spice Set,2484,2,3974,Cash on Delivery,Yes,20,4,40,Mobile,9
C177,Asad Dar,57,Male,Islamabad,2023-04-24,ORD0934,2024-08-29,Food,Juice Box,1190,2,2380,Credit Card,No,0,3,55,Desktop,10
C177,Asad Dar,57,Male,Islamabad,2023-04-24,ORD0935,2025-03-31,Home & Kitchen,Cutting Board,3542,1,3542,Credit Card,No,0,3,48,Mobile,11
C177,Asad Dar,57,Male,Islamabad,2023-04-24,ORD0936,2024-05-07,Home & Kitchen,Knife Set,1815,3,4356,Cash on Delivery,Yes,20,4,23,Mobile,12
C177,Asad Dar,57,Male,Islamabad,2023-04-24,ORD0937,2024-05-04,Toys,Remote Car,3541,1,3541,Cash on Delivery,No,0,4,10,Mobile,13
C177,Asad Dar,57,Male,Islamabad,2023-04-24,ORD0938,2024-07-01,Accessories,Keychain,1170,2,2340,Cash on Delivery,No,0,4,19,Desktop,14
C177,Asad Dar,57,Male,Islamabad,2023-04-24,ORD0939,2024-02-01,Sports,Gym Gloves,2746,3,8238,Credit Card,No,0,2,55,Mobile,15
C177,Asad Dar,57,Male,Islamabad,2023-04-24,ORD0940,2025-01-09,Accessories,Backpack,377,4,1508,Debit Card,No,0,2,45,Tablet,16
C178,Ali Chaudhry,38,Male,Sialkot,2023-07-07,ORD0941,2024-08-09,Clothing,T-Shirt,2376,1,2376,Credit Card,No,0,3,27,Tablet,30
C178,Ali Chaudhry,38,Male,Sialkot,2023-07-07,ORD0942,2024-07-10,Health,First Aid Kit,714,3,2142,Debit Card,No,0,1,9,Desktop,31
C178,Ali Chaudhry,38,Male,Sialkot,2023-07-07,ORD0943,2025-01-15,Beauty,Face Wash,1877,2,3191,JazzCash,Yes,15,3,28,Tablet,32
C178,Ali Chaudhry,38,Male,Sialkot,2023-07-07,ORD0944,2025-03-23,Food,Chocolate Box,1309,3,3927,Cash on Delivery,No,0,1,58,Tablet,33
C178,Ali Chaudhry,38,Male,Sialkot,2023-07-07,ORD0945,2024-10-30,Health,Vitamin Tablets,3796,3,11388,EasyPaisa,No,0,4,7,Tablet,34
C179,Saad Mirza,52,Male,Rawalpindi,2023-10-16,ORD0946,2024-12-30,Books,History Book,474,2,948,JazzCash,No,0,2,20,Tablet,25
C179,Saad Mirza,52,Male,Rawalpindi,2023-10-16,ORD0947,2024-07-31,Toys,Card Game,541,1,487,JazzCash,Yes,10,2,27,Desktop,26
C179,Saad Mirza,52,Male,Rawalpindi,2023-10-16,ORD0948,2024-12-22,Health,Omega 3 Capsules,3036,1,2732,EasyPaisa,Yes,10,2,35,Tablet,27
C179,Saad Mirza,52,Male,Rawalpindi,2023-10-16,ORD0949,2025-03-20,Electronics,Power Bank,8888,4,31997,EasyPaisa,Yes,10,2,48,Desktop,28
C180,Tahira Aslam,20,Female,Sialkot,2023-01-29,ORD0950,2025-03-03,Home & Kitchen,Cutting Board,730,2,1460,JazzCash,No,0,1,30,Mobile,5
C180,Tahira Aslam,20,Female,Sialkot,2023-01-29,ORD0951,2024-04-03,Electronics,Bluetooth Speaker,10795,3,32385,Cash on Delivery,No,0,3,51,Desktop,6
C180,Tahira Aslam,20,Female,Sialkot,2023-01-29,ORD0952,2024-08-12,Clothing,Formal Shirt,1307,3,3921,Cash on Delivery,No,0,5,36,Tablet,7
C180,Tahira Aslam,20,Female,Sialkot,2023-01-29,ORD0953,2025-04-13,Books,History Book,2299,2,4368,EasyPaisa,Yes,5,5,52,Mobile,8
C180,Tahira Aslam,20,Female,Sialkot,2023-01-29,ORD0954,2025-05-11,Food,Dry Fruits Pack,1101,3,3303,Cash on Delivery,No,0,5,7,Mobile,9
C181,Sumera Nawaz,62,Female,Karachi,2023-03-17,ORD0955,2024-03-11,Sports,Cricket Ball,1903,4,7612,EasyPaisa,No,0,5,43,Mobile,5
C181,Sumera Nawaz,62,Female,Karachi,2023-03-17,ORD0956,2024-04-21,Home & Kitchen,Knife Set,5595,4,22380,Cash on Delivery,No,0,5,34,Tablet,6
C181,Sumera Nawaz,62,Female,Karachi,2023-03-17,ORD0957,2024-06-03,Electronics,Laptop Stand,8071,2,15335,Debit Card,Yes,5,4,34,Tablet,7
C181,Sumera Nawaz,62,Female,Karachi,2023-03-17,ORD0958,2024-02-23,Sports,Sports Bag,2409,4,9636,Cash on Delivery,No,0,5,30,Mobile,8
C181,Sumera Nawaz,62,Female,Karachi,2023-03-17,ORD0959,2025-03-14,Sports,Badminton Racket,4189,1,3770,Cash on Delivery,Yes,10,4,44,Desktop,9
C181,Sumera Nawaz,62,Female,Karachi,2023-03-17,ORD0960,2025-05-09,Toys,Building Blocks,1814,1,1814,Debit Card,No,0,3,41,Desktop,10
C181,Sumera Nawaz,62,Female,Karachi,2023-03-17,ORD0961,2025-04-25,Health,Mask Pack,2618,1,2487,JazzCash,Yes,5,4,38,Mobile,11
C181,Sumera Nawaz,62,Female,Karachi,2023-03-17,ORD0962,2024-07-08,Toys,Action Figure,3703,1,3703,EasyPaisa,No,0,1,29,Tablet,12
C182,Naila Javed,51,Female,Hyderabad,2023-09-14,ORD0963,2024-10-30,Sports,Sports Bag,3906,3,11718,Debit Card,No,0,4,53,Mobile,15
C182,Naila Javed,51,Female,Hyderabad,2023-09-14,ORD0964,2025-03-05,Home & Kitchen,Storage Container,1106,1,1106,Credit Card,No,0,3,7,Tablet,16
C182,Naila Javed,51,Female,Hyderabad,2023-09-14,ORD0965,2024-08-09,Home & Kitchen,Cooking Pan,991,3,2973,Debit Card,No,0,2,24,Desktop,17
C182,Naila Javed,51,Female,Hyderabad,2023-09-14,ORD0966,2024-04-18,Clothing,T-Shirt,4829,3,11590,Cash on Delivery,Yes,20,2,53,Mobile,18
C182,Naila Javed,51,Female,Hyderabad,2023-09-14,ORD0967,2024-10-23,Books,Data Science Guide,1766,2,2826,Credit Card,Yes,20,4,14,Desktop,19
C182,Naila Javed,51,Female,Hyderabad,2023-09-14,ORD0968,2024-06-25,Home & Kitchen,Cutting Board,7226,3,21678,Debit Card,No,0,3,48,Tablet,20
C182,Naila Javed,51,Female,Hyderabad,2023-09-14,ORD0969,2024-03-04,Health,Hand Sanitizer,3952,2,7904,Cash on Delivery,No,0,4,34,Mobile,21
C183,Ahmed Ahmed,47,Male,Quetta,2023-04-13,ORD0970,2024-01-09,Toys,Building Blocks,1018,4,3461,JazzCash,Yes,15,3,35,Desktop,13
C183,Ahmed Ahmed,47,Male,Quetta,2023-04-13,ORD0971,2024-01-13,Books,English Grammar,438,4,1402,EasyPaisa,Yes,20,4,18,Mobile,14
C183,Ahmed Ahmed,47,Male,Quetta,2023-04-13,ORD0972,2024-08-15,Beauty,Hair Oil,1955,3,5865,EasyPaisa,No,0,3,48,Tablet,15
C183,Ahmed Ahmed,47,Male,Quetta,2023-04-13,ORD0973,2024-11-08,Accessories,Backpack,1893,4,7572,Cash on Delivery,No,0,4,48,Desktop,16
C184,Kiran Abbasi,29,Female,Peshawar,2023-05-24,ORD0974,2025-02-04,Beauty,Moisturizer,1754,2,3508,JazzCash,No,0,1,50,Tablet,25
C184,Kiran Abbasi,29,Female,Peshawar,2023-05-24,ORD0975,2024-10-04,Toys,Play Dough,1852,2,3334,JazzCash,Yes,10,4,30,Mobile,26
C184,Kiran Abbasi,29,Female,Peshawar,2023-05-24,ORD0976,2024-11-16,Food,Chocolate Box,1522,1,1218,JazzCash,Yes,20,5,25,Tablet,27
C184,Kiran Abbasi,29,Female,Peshawar,2023-05-24,ORD0977,2024-03-28,Accessories,Backpack,2389,2,4778,Credit Card,No,0,3,29,Tablet,28
C184,Kiran Abbasi,29,Female,Peshawar,2023-05-24,ORD0978,2024-05-22,Toys,Doll,3562,3,10686,Credit Card,No,0,2,51,Mobile,29
C184,Kiran Abbasi,29,Female,Peshawar,2023-05-24,ORD0979,2025-05-03,Sports,Sports Bottle,5256,2,10512,EasyPaisa,No,0,4,41,Mobile,30
C184,Kiran Abbasi,29,Female,Peshawar,2023-05-24,ORD0980,2025-04-23,Sports,Yoga Mat,1481,1,1481,JazzCash,No,0,2,22,Desktop,31
C185,Noor Abbasi,35,Female,Hyderabad,2024-01-01,ORD0981,2025-03-14,Health,Vitamin Tablets,3532,4,14128,Cash on Delivery,No,0,3,18,Mobile,29
C185,Noor Abbasi,35,Female,Hyderabad,2024-01-01,ORD0982,2024-03-31,Food,Biscuit Pack,2469,4,9382,Credit Card,Yes,5,2,5,Desktop,30
C185,Noor Abbasi,35,Female,Hyderabad,2024-01-01,ORD0983,2024-08-10,Accessories,Bracelet,3734,1,3174,JazzCash,Yes,15,3,53,Mobile,31
C185,Noor Abbasi,35,Female,Hyderabad,2024-01-01,ORD0984,2024-11-03,Beauty,Lip Balm,3647,3,10941,Debit Card,No,0,4,30,Tablet,32
C185,Noor Abbasi,35,Female,Hyderabad,2024-01-01,ORD0985,2024-09-30,Books,Python Programming,1664,2,2995,Cash on Delivery,Yes,10,5,50,Mobile,33
C185,Noor Abbasi,35,Female,Hyderabad,2024-01-01,ORD0986,2024-07-07,Food,Tea Pack,1307,4,4444,EasyPaisa,Yes,15,5,38,Tablet,34
C185,Noor Abbasi,35,Female,Hyderabad,2024-01-01,ORD0987,2024-12-10,Toys,Play Dough,2551,4,10204,Debit Card,No,0,3,58,Mobile,35
C186,Naila Aslam,20,Female,Hyderabad,2023-01-13,ORD0988,2025-02-26,Beauty,Moisturizer,3978,3,11934,Cash on Delivery,No,0,2,29,Mobile,19
C186,Naila Aslam,20,Female,Hyderabad,2023-01-13,ORD0989,2024-09-01,Beauty,Hair Oil,3833,2,7666,EasyPaisa,No,0,4,19,Mobile,20
C186,Naila Aslam,20,Female,Hyderabad,2023-01-13,ORD0990,2024-09-30,Toys,Color Set,1351,2,2702,Debit Card,No,0,4,20,Tablet,21
C186,Naila Aslam,20,Female,Hyderabad,2023-01-13,ORD0991,2024-07-06,Beauty,Face Mask,1018,3,3054,JazzCash,No,0,4,4,Mobile,22
C186,Naila Aslam,20,Female,Hyderabad,2023-01-13,ORD0992,2025-05-02,Accessories,Ring,2990,4,9568,JazzCash,Yes,20,3,49,Mobile,23
C186,Naila Aslam,20,Female,Hyderabad,2023-01-13,ORD0993,2024-05-20,Health,Omega 3 Capsules,4933,3,12579,Debit Card,Yes,15,2,27,Tablet,24
C186,Naila Aslam,20,Female,Hyderabad,2023-01-13,ORD0994,2024-12-12,Beauty,Sunscreen,2990,2,5980,Debit Card,No,0,2,29,Desktop,25
C186,Naila Aslam,20,Female,Hyderabad,2023-01-13,ORD0995,2024-07-11,Sports,Yoga Mat,1969,1,1969,JazzCash,No,0,3,11,Mobile,26
C187,Raza Ahmed,29,Male,Islamabad,2023-12-04,ORD0996,2024-10-29,Beauty,Moisturizer,3229,1,3068,JazzCash,Yes,5,3,27,Mobile,10
C187,Raza Ahmed,29,Male,Islamabad,2023-12-04,ORD0997,2024-01-06,Electronics,USB Cable,9411,1,8940,JazzCash,Yes,5,4,31,Tablet,11
C187,Raza Ahmed,29,Male,Islamabad,2023-12-04,ORD0998,2025-04-26,Beauty,Perfume,3203,2,6406,JazzCash,No,0,3,51,Mobile,12
C187,Raza Ahmed,29,Male,Islamabad,2023-12-04,ORD0999,2024-12-18,Home & Kitchen,Lunch Box,6818,2,12954,JazzCash,Yes,5,4,60,Tablet,13
C188,Parveen Khan,54,Female,Hyderabad,2024-06-20,ORD1000,2025-01-12,Beauty,Sunscreen,3173,3,9519,Cash on Delivery,No,0,2,15,Mobile,27
C188,Parveen Khan,54,Female,Hyderabad,2024-06-20,ORD1001,2024-10-01,Accessories,Backpack,3941,2,7882,Debit Card,No,0,1,44,Mobile,28
C188,Parveen Khan,54,Female,Hyderabad,2024-06-20,ORD1002,2024-10-07,Beauty,Face Wash,3909,1,3909,Cash on Delivery,No,0,3,58,Tablet,29
C188,Parveen Khan,54,Female,Hyderabad,2024-06-20,ORD1003,2024-02-18,Health,Omega 3 Capsules,2145,2,4290,Credit Card,No,0,3,30,Tablet,30
C189,Naila Ahmed,31,Female,Karachi,2023-11-22,ORD1004,2025-04-19,Clothing,Shorts,926,4,3704,EasyPaisa,No,0,2,3,Tablet,25
C189,Naila Ahmed,31,Female,Karachi,2023-11-22,ORD1005,2024-06-05,Food,Spice Set,2404,1,1923,JazzCash,Yes,20,4,7,Mobile,26
C189,Naila Ahmed,31,Female,Karachi,2023-11-22,ORD1006,2024-02-22,Electronics,Webcam,8624,2,16386,Credit Card,Yes,5,4,48,Tablet,27
C189,Naila Ahmed,31,Female,Karachi,2023-11-22,ORD1007,2024-11-20,Beauty,Sunscreen,3000,2,5100,Credit Card,Yes,15,5,54,Mobile,28
C189,Naila Ahmed,31,Female,Karachi,2023-11-22,ORD1008,2024-07-11,Toys,Board Game,1994,1,1994,Debit Card,No,0,1,45,Desktop,29
C190,Shahid Butt,44,Male,Faisalabad,2023-04-17,ORD1009,2024-07-29,Books,Fiction Novel,1888,3,5664,Debit Card,No,0,1,28,Tablet,17
C190,Shahid Butt,44,Male,Faisalabad,2023-04-17,ORD1010,2024-07-28,Clothing,T-Shirt,3338,1,3338,JazzCash,No,0,3,36,Tablet,18
C190,Shahid Butt,44,Male,Faisalabad,2023-04-17,ORD1011,2024-06-17,Home & Kitchen,Tea Set,5592,4,22368,JazzCash,No,0,5,3,Mobile,19
C191,Naila Aslam,61,Female,Peshawar,2023-08-07,ORD1012,2024-10-14,Food,Honey Jar,886,1,886,EasyPaisa,No,0,5,45,Tablet,1
C191,Naila Aslam,61,Female,Peshawar,2023-08-07,ORD1013,2025-03-27,Sports,Sports Bottle,926,2,1852,Debit Card,No,0,2,45,Mobile,2
C191,Naila Aslam,61,Female,Peshawar,2023-08-07,ORD1014,2024-01-27,Books,History Book,2212,4,8848,Cash on Delivery,No,0,5,25,Tablet,3
C191,Naila Aslam,61,Female,Peshawar,2023-08-07,ORD1015,2025-02-24,Toys,Board Game,4774,4,19096,JazzCash,No,0,3,37,Mobile,4
C191,Naila Aslam,61,Female,Peshawar,2023-08-07,ORD1016,2024-12-18,Toys,Remote Car,1010,3,3030,Cash on Delivery,No,0,3,7,Desktop,5
C191,Naila Aslam,61,Female,Peshawar,2023-08-07,ORD1017,2024-06-13,Beauty,Lip Balm,1327,2,2654,JazzCash,No,0,4,14,Desktop,6
C191,Naila Aslam,61,Female,Peshawar,2023-08-07,ORD1018,2024-05-10,Food,Biscuit Pack,1943,3,5829,Cash on Delivery,No,0,4,34,Tablet,7
C191,Naila Aslam,61,Female,Peshawar,2023-08-07,ORD1019,2025-03-24,Health,Eye Drops,4013,4,16052,JazzCash,No,0,4,58,Desktop,8
C192,Ahmed Aslam,60,Male,Sialkot,2024-04-25,ORD1020,2024-06-23,Health,Protein Powder,485,3,1455,EasyPaisa,No,0,4,44,Desktop,15
C192,Ahmed Aslam,60,Male,Sialkot,2024-04-25,ORD1021,2024-06-13,Toys,Doll,3276,4,13104,Cash on Delivery,No,0,1,30,Tablet,16
C192,Ahmed Aslam,60,Male,Sialkot,2024-04-25,ORD1022,2025-02-22,Beauty,Hair Oil,520,2,936,Debit Card,Yes,10,4,41,Desktop,17
C192,Ahmed Aslam,60,Male,Sialkot,2024-04-25,ORD1023,2024-02-26,Toys,Color Set,1308,4,4970,Cash on Delivery,Yes,5,2,56,Mobile,18
C192,Ahmed Aslam,60,Male,Sialkot,2024-04-25,ORD1024,2025-01-02,Toys,Play Dough,4049,4,14576,Credit Card,Yes,10,5,33,Tablet,19
C192,Ahmed Aslam,60,Male,Sialkot,2024-04-25,ORD1025,2024-04-13,Sports,Sports Bottle,4425,4,15045,Credit Card,Yes,15,4,10,Mobile,20
C192,Ahmed Aslam,60,Male,Sialkot,2024-04-25,ORD1026,2024-12-17,Toys,Color Set,4332,4,17328,Cash on Delivery,No,0,5,34,Desktop,21
C192,Ahmed Aslam,60,Male,Sialkot,2024-04-25,ORD1027,2024-09-01,Clothing,Sweater,3972,3,11916,EasyPaisa,No,0,3,13,Mobile,22
C193,Sumera Ali,20,Female,Sialkot,2024-01-04,ORD1028,2024-08-16,Toys,Play Dough,4926,2,8867,JazzCash,Yes,10,4,10,Mobile,21
C193,Sumera Ali,20,Female,Sialkot,2024-01-04,ORD1029,2024-07-29,Food,Biscuit Pack,2380,2,4760,Cash on Delivery,No,0,2,2,Tablet,22
C193,Sumera Ali,20,Female,Sialkot,2024-01-04,ORD1030,2024-10-09,Clothing,T-Shirt,977,3,2931,Credit Card,No,0,2,38,Mobile,23
C193,Sumera Ali,20,Female,Sialkot,2024-01-04,ORD1031,2024-05-28,Electronics,Laptop Stand,2239,3,6717,Cash on Delivery,No,0,5,23,Tablet,24
C193,Sumera Ali,20,Female,Sialkot,2024-01-04,ORD1032,2025-03-04,Books,Business Book,2270,4,9080,Debit Card,No,0,4,35,Mobile,25
C193,Sumera Ali,20,Female,Sialkot,2024-01-04,ORD1033,2024-01-10,Toys,Remote Car,1111,2,2222,EasyPaisa,No,0,4,40,Tablet,26
C193,Sumera Ali,20,Female,Sialkot,2024-01-04,ORD1034,2024-06-27,Electronics,Webcam,11311,4,45244,Debit Card,No,0,2,42,Mobile,27
C194,Waqar Sheikh,26,Male,Lahore,2024-04-08,ORD1035,2024-03-18,Books,Python Programming,1095,3,2957,Cash on Delivery,Yes,10,4,54,Mobile,16
C194,Waqar Sheikh,26,Male,Lahore,2024-04-08,ORD1036,2024-12-12,Food,Dry Fruits Pack,1060,3,2544,Debit Card,Yes,20,4,51,Mobile,17
C194,Waqar Sheikh,26,Male,Lahore,2024-04-08,ORD1037,2025-01-15,Beauty,Nail Polish,1480,3,4440,Debit Card,No,0,4,31,Mobile,18
C194,Waqar Sheikh,26,Male,Lahore,2024-04-08,ORD1038,2024-03-29,Electronics,Webcam,6333,4,20266,Credit Card,Yes,20,2,60,Mobile,19
C194,Waqar Sheikh,26,Male,Lahore,2024-04-08,ORD1039,2024-03-19,Books,Science Book,2707,3,7715,Cash on Delivery,Yes,5,3,26,Mobile,20
C194,Waqar Sheikh,26,Male,Lahore,2024-04-08,ORD1040,2024-01-17,Clothing,Sweater,2246,1,2246,Debit Card,No,0,2,32,Mobile,21
C194,Waqar Sheikh,26,Male,Lahore,2024-04-08,ORD1041,2025-03-15,Sports,Skipping Rope,1682,3,4037,EasyPaisa,Yes,20,4,59,Mobile,22
C195,Hassan Shah,37,Male,Lahore,2023-09-16,ORD1042,2024-11-06,Health,Vitamin Tablets,2011,2,4022,Debit Card,No,0,3,56,Tablet,3
C195,Hassan Shah,37,Male,Lahore,2023-09-16,ORD1043,2024-07-20,Home & Kitchen,Blender,4438,3,10651,EasyPaisa,Yes,20,4,60,Desktop,4
C195,Hassan Shah,37,Male,Lahore,2023-09-16,ORD1044,2024-09-08,Health,Vitamin Tablets,1432,1,1146,Cash on Delivery,Yes,20,5,2,Tablet,5
C196,Hamza Iqbal,41,Male,Karachi,2024-03-04,ORD1045,2025-01-26,Toys,Action Figure,4892,3,14676,Cash on Delivery,No,0,2,53,Desktop,24
C196,Hamza Iqbal,41,Male,Karachi,2024-03-04,ORD1046,2025-05-10,Beauty,Body Lotion,1951,3,5853,Cash on Delivery,No,0,1,9,Tablet,25
C196,Hamza Iqbal,41,Male,Karachi,2024-03-04,ORD1047,2024-06-12,Books,Data Science Guide,1301,3,3903,Credit Card,No,0,4,5,Desktop,26
C196,Hamza Iqbal,41,Male,Karachi,2024-03-04,ORD1048,2024-12-09,Clothing,Jeans,2847,3,8541,Cash on Delivery,No,0,5,26,Tablet,27
C196,Hamza Iqbal,41,Male,Karachi,2024-03-04,ORD1049,2024-05-27,Clothing,Formal Shirt,4613,1,4382,JazzCash,Yes,5,5,35,Tablet,28
C196,Hamza Iqbal,41,Male,Karachi,2024-03-04,ORD1050,2025-02-17,Sports,Football,1051,3,3153,Cash on Delivery,No,0,3,22,Tablet,29
C197,Imran Mirza,21,Male,Peshawar,2023-09-26,ORD1051,2024-08-23,Books,Science Book,1452,1,1452,Cash on Delivery,No,0,5,20,Mobile,24
C197,Imran Mirza,21,Male,Peshawar,2023-09-26,ORD1052,2025-05-22,Home & Kitchen,Tea Set,375,4,1350,Credit Card,Yes,10,4,43,Mobile,25
C197,Imran Mirza,21,Male,Peshawar,2023-09-26,ORD1053,2024-03-30,Beauty,Nail Polish,2221,2,4220,JazzCash,Yes,5,3,39,Tablet,26
C197,Imran Mirza,21,Male,Peshawar,2023-09-26,ORD1054,2024-08-29,Food,Dry Fruits Pack,2761,4,10492,EasyPaisa,Yes,5,3,41,Mobile,27
C198,Rabia Abbasi,55,Female,Quetta,2023-07-18,ORD1055,2024-06-20,Accessories,Watch Strap,1002,2,1703,EasyPaisa,Yes,15,2,60,Mobile,3
C198,Rabia Abbasi,55,Female,Quetta,2023-07-18,ORD1056,2024-01-31,Beauty,Face Mask,1163,1,1163,EasyPaisa,No,0,2,9,Desktop,4
C198,Rabia Abbasi,55,Female,Quetta,2023-07-18,ORD1057,2024-10-22,Sports,Skipping Rope,6151,1,6151,Debit Card,No,0,5,39,Desktop,5
C198,Rabia Abbasi,55,Female,Quetta,2023-07-18,ORD1058,2024-12-19,Toys,Action Figure,946,2,1892,Cash on Delivery,No,0,5,55,Desktop,6
C198,Rabia Abbasi,55,Female,Quetta,2023-07-18,ORD1059,2024-01-23,Beauty,Body Lotion,2621,4,8911,Cash on Delivery,Yes,15,3,15,Mobile,7
C198,Rabia Abbasi,55,Female,Quetta,2023-07-18,ORD1060,2025-03-01,Sports,Gym Gloves,2101,4,8404,Cash on Delivery,No,0,2,44,Mobile,8
C199,Uzma Qureshi,47,Female,Faisalabad,2024-01-24,ORD1061,2024-10-24,Electronics,Keyboard,3332,4,11995,Cash on Delivery,Yes,10,4,45,Mobile,22
C199,Uzma Qureshi,47,Female,Faisalabad,2024-01-24,ORD1062,2024-12-26,Clothing,Jeans,1304,1,1043,EasyPaisa,Yes,20,4,28,Tablet,23
C199,Uzma Qureshi,47,Female,Faisalabad,2024-01-24,ORD1063,2024-12-11,Food,Snack Pack,257,3,617,Credit Card,Yes,20,4,22,Mobile,24
C199,Uzma Qureshi,47,Female,Faisalabad,2024-01-24,ORD1064,2025-02-11,Food,Snack Pack,2136,4,8117,JazzCash,Yes,5,4,4,Tablet,25
C199,Uzma Qureshi,47,Female,Faisalabad,2024-01-24,ORD1065,2024-08-27,Sports,Skipping Rope,4724,3,14172,JazzCash,No,0,5,20,Desktop,26
C199,Uzma Qureshi,47,Female,Faisalabad,2024-01-24,ORD1066,2024-09-18,Beauty,Shampoo,3481,1,3307,Debit Card,Yes,5,2,28,Desktop,27
C200,Parveen Iqbal,19,Female,Peshawar,2023-03-20,ORD1067,2024-04-13,Beauty,Sunscreen,1890,4,6426,JazzCash,Yes,15,4,43,Tablet,13
C200,Parveen Iqbal,19,Female,Peshawar,2023-03-20,ORD1068,2024-09-06,Home & Kitchen,Lunch Box,4988,1,4240,Debit Card,Yes,15,2,17,Mobile,14
C200,Parveen Iqbal,19,Female,Peshawar,2023-03-20,ORD1069,2024-12-13,Health,Thermometer,4264,2,6822,Credit Card,Yes,20,4,7,Tablet,15
C200,Parveen Iqbal,19,Female,Peshawar,2023-03-20,ORD1070,2025-03-21,Accessories,Watch Strap,1132,2,2264,Credit Card,No,0,1,21,Mobile,16
C201,Ayesha Aslam,29,Female,Lahore,2023-08-23,ORD1071,2024-03-27,Toys,Stuffed Toy,3415,4,13660,JazzCash,No,0,3,41,Desktop,7
C201,Ayesha Aslam,29,Female,Lahore,2023-08-23,ORD1072,2024-11-04,Toys,Color Set,3144,2,6288,Credit Card,No,0,4,43,Tablet,8
C201,Ayesha Aslam,29,Female,Lahore,2023-08-23,ORD1073,2024-07-05,Sports,Cricket Ball,4041,4,13739,Debit Card,Yes,15,3,45,Tablet,9
C201,Ayesha Aslam,29,Female,Lahore,2023-08-23,ORD1074,2024-03-27,Clothing,Hoodie,4305,1,3875,EasyPaisa,Yes,10,5,22,Desktop,10
C202,Tahira Aslam,21,Female,Karachi,2024-06-19,ORD1075,2025-03-30,Health,Omega 3 Capsules,2620,2,5240,EasyPaisa,No,0,1,43,Tablet,9
C202,Tahira Aslam,21,Female,Karachi,2024-06-19,ORD1076,2025-02-15,Health,Mask Pack,3081,3,7857,JazzCash,Yes,15,5,11,Mobile,10
C202,Tahira Aslam,21,Female,Karachi,2024-06-19,ORD1077,2024-01-25,Accessories,Watch Strap,3580,3,10740,JazzCash,No,0,1,32,Mobile,11
C203,Naila Qureshi,49,Female,Hyderabad,2023-08-21,ORD1078,2025-02-28,Books,Fiction Novel,1444,4,5487,Credit Card,Yes,5,3,6,Mobile,15
C203,Naila Qureshi,49,Female,Hyderabad,2023-08-21,ORD1079,2025-03-03,Sports,Running Shoes,3943,3,11829,Credit Card,No,0,2,50,Desktop,16
C203,Naila Qureshi,49,Female,Hyderabad,2023-08-21,ORD1080,2025-05-19,Books,History Book,1122,1,898,Cash on Delivery,Yes,20,3,8,Mobile,17
C204,Junaid Raza,23,Male,Rawalpindi,2023-07-04,ORD1081,2024-03-20,Food,Coffee Beans,1094,4,4376,EasyPaisa,No,0,2,9,Mobile,18
C204,Junaid Raza,23,Male,Rawalpindi,2023-07-04,ORD1082,2024-11-11,Sports,Cricket Ball,2069,4,6621,Debit Card,Yes,20,4,31,Tablet,19
C204,Junaid Raza,23,Male,Rawalpindi,2023-07-04,ORD1083,2024-10-26,Books,Data Science Guide,1885,2,3393,Debit Card,Yes,10,4,6,Desktop,20
C205,Sobia Dar,43,Female,Hyderabad,2024-04-23,ORD1084,2024-12-30,Clothing,T-Shirt,3432,2,6864,Credit Card,No,0,5,28,Desktop,5
C205,Sobia Dar,43,Female,Hyderabad,2024-04-23,ORD1085,2024-04-09,Books,Business Book,2368,4,9472,Debit Card,No,0,3,57,Desktop,6
C205,Sobia Dar,43,Female,Hyderabad,2024-04-23,ORD1086,2024-04-02,Accessories,Backpack,1100,1,1100,Cash on Delivery,No,0,2,52,Mobile,7
C205,Sobia Dar,43,Female,Hyderabad,2024-04-23,ORD1087,2025-01-01,Food,Biscuit Pack,2811,1,2811,JazzCash,No,0,1,60,Desktop,8
C205,Sobia Dar,43,Female,Hyderabad,2024-04-23,ORD1088,2025-02-25,Beauty,Face Wash,3595,1,2876,Credit Card,Yes,20,5,6,Tablet,9
C206,Hira Qureshi,49,Female,Peshawar,2023-08-22,ORD1089,2024-02-04,Beauty,Perfume,2137,4,8548,Cash on Delivery,No,0,1,60,Mobile,28
C206,Hira Qureshi,49,Female,Peshawar,2023-08-22,ORD1090,2024-03-16,Beauty,Sunscreen,2464,3,7392,JazzCash,No,0,4,12,Desktop,29
C206,Hira Qureshi,49,Female,Peshawar,2023-08-22,ORD1091,2024-09-10,Health,First Aid Kit,1473,4,5892,EasyPaisa,No,0,5,15,Tablet,30
C206,Hira Qureshi,49,Female,Peshawar,2023-08-22,ORD1092,2024-06-07,Beauty,Hair Oil,384,3,1152,JazzCash,No,0,4,49,Desktop,31
C206,Hira Qureshi,49,Female,Peshawar,2023-08-22,ORD1093,2025-05-02,Home & Kitchen,Mug Set,6573,2,13146,EasyPaisa,No,0,4,17,Desktop,32
C206,Hira Qureshi,49,Female,Peshawar,2023-08-22,ORD1094,2024-03-02,Beauty,Moisturizer,3724,3,8938,JazzCash,Yes,20,4,48,Mobile,33
C207,Zara Sheikh,57,Female,Islamabad,2023-08-12,ORD1095,2024-09-22,Electronics,Laptop Stand,11685,2,18696,JazzCash,Yes,20,3,38,Tablet,5
C207,Zara Sheikh,57,Female,Islamabad,2023-08-12,ORD1096,2024-02-22,Clothing,Kurta,628,3,1884,Cash on Delivery,No,0,1,56,Tablet,6
C207,Zara Sheikh,57,Female,Islamabad,2023-08-12,ORD1097,2024-12-05,Beauty,Face Mask,1661,4,5647,JazzCash,Yes,15,4,55,Desktop,7
C207,Zara Sheikh,57,Female,Islamabad,2023-08-12,ORD1098,2024-08-21,Clothing,Formal Shirt,2051,2,3897,Debit Card,Yes,5,5,58,Tablet,8
C208,Naila Butt,29,Female,Hyderabad,2024-02-02,ORD1099,2024-12-03,Sports,Cricket Ball,6468,1,6468,EasyPaisa,No,0,2,13,Mobile,12
C208,Naila Butt,29,Female,Hyderabad,2024-02-02,ORD1100,2025-02-28,Sports,Badminton Racket,5543,2,11086,Debit Card,No,0,1,29,Desktop,13
C208,Naila Butt,29,Female,Hyderabad,2024-02-02,ORD1101,2024-07-11,Electronics,Mouse,6386,2,10856,Credit Card,Yes,15,2,7,Mobile,14
C208,Naila Butt,29,Female,Hyderabad,2024-02-02,ORD1102,2025-05-26,Books,English Grammar,424,3,1272,EasyPaisa,No,0,3,59,Mobile,15
C208,Naila Butt,29,Female,Hyderabad,2024-02-02,ORD1103,2024-08-22,Books,English Grammar,1652,1,1652,Credit Card,No,0,5,51,Mobile,16
C208,Naila Butt,29,Female,Hyderabad,2024-02-02,ORD1104,2024-07-24,Accessories,Watch Strap,3241,3,8751,Cash on Delivery,Yes,10,3,13,Tablet,17
C208,Naila Butt,29,Female,Hyderabad,2024-02-02,ORD1105,2024-05-14,Health,Pain Relief Gel,529,2,1058,JazzCash,No,0,1,35,Tablet,18
C209,Mehwish Aslam,45,Female,Karachi,2024-01-07,ORD1106,2024-07-08,Health,Pain Relief Gel,401,4,1604,Cash on Delivery,No,0,3,13,Desktop,16
C209,Mehwish Aslam,45,Female,Karachi,2024-01-07,ORD1107,2024-12-02,Food,Dry Fruits Pack,2277,2,3643,JazzCash,Yes,20,5,49,Desktop,17
C209,Mehwish Aslam,45,Female,Karachi,2024-01-07,ORD1108,2024-11-06,Toys,Remote Car,657,1,558,Credit Card,Yes,15,4,28,Tablet,18
C209,Mehwish Aslam,45,Female,Karachi,2024-01-07,ORD1109,2025-01-18,Books,Math Textbook,578,2,983,Cash on Delivery,Yes,15,4,13,Tablet,19
C210,Samina Javed,62,Female,Lahore,2023-04-21,ORD1110,2024-05-08,Health,Protein Powder,386,3,1158,Credit Card,No,0,5,36,Tablet,0
C210,Samina Javed,62,Female,Lahore,2023-04-21,ORD1111,2025-05-22,Toys,Color Set,2195,1,2195,Debit Card,No,0,2,24,Mobile,1
C210,Samina Javed,62,Female,Lahore,2023-04-21,ORD1112,2024-05-30,Home & Kitchen,Cutting Board,3085,2,4936,Debit Card,Yes,20,5,13,Mobile,2
C211,Rabia Iqbal,44,Female,Multan,2023-01-17,ORD1113,2025-04-19,Clothing,Formal Shirt,4813,4,15402,EasyPaisa,Yes,20,5,19,Tablet,24
C211,Rabia Iqbal,44,Female,Multan,2023-01-17,ORD1114,2025-01-14,Accessories,Cap,1697,4,6788,EasyPaisa,No,0,2,58,Desktop,25
C211,Rabia Iqbal,44,Female,Multan,2023-01-17,ORD1115,2024-02-13,Beauty,Lip Balm,2823,1,2823,EasyPaisa,No,0,4,41,Desktop,26
C211,Rabia Iqbal,44,Female,Multan,2023-01-17,ORD1116,2024-10-22,Electronics,USB Cable,12053,1,11450,JazzCash,Yes,5,4,9,Tablet,27
C212,Zain Ali,21,Male,Faisalabad,2024-06-02,ORD1117,2024-02-10,Books,Science Book,2713,3,8139,Cash on Delivery,No,0,4,43,Desktop,21
C212,Zain Ali,21,Male,Faisalabad,2024-06-02,ORD1118,2024-01-31,Toys,Remote Car,4460,1,4460,Debit Card,No,0,4,36,Desktop,22
C212,Zain Ali,21,Male,Faisalabad,2024-06-02,ORD1119,2024-01-27,Accessories,Wallet,1458,1,1458,EasyPaisa,No,0,3,10,Tablet,23
C212,Zain Ali,21,Male,Faisalabad,2024-06-02,ORD1120,2025-02-21,Clothing,Shorts,4139,2,8278,EasyPaisa,No,0,1,58,Mobile,24
C212,Zain Ali,21,Male,Faisalabad,2024-06-02,ORD1121,2024-04-25,Health,First Aid Kit,1663,3,4490,Debit Card,Yes,10,3,50,Mobile,25
C212,Zain Ali,21,Male,Faisalabad,2024-06-02,ORD1122,2024-12-02,Beauty,Face Wash,3331,3,9993,JazzCash,No,0,1,5,Mobile,26
C212,Zain Ali,21,Male,Faisalabad,2024-06-02,ORD1123,2025-02-03,Toys,Puzzle Set,2260,3,6780,Debit Card,No,0,3,5,Mobile,27
C213,Ayesha Butt,60,Female,Rawalpindi,2023-06-13,ORD1124,2025-04-06,Toys,Color Set,735,3,2205,JazzCash,No,0,2,55,Mobile,11
C213,Ayesha Butt,60,Female,Rawalpindi,2023-06-13,ORD1125,2024-05-22,Electronics,Laptop Stand,12205,2,21969,JazzCash,Yes,10,3,5,Desktop,12
C213,Ayesha Butt,60,Female,Rawalpindi,2023-06-13,ORD1126,2025-02-05,Accessories,Bracelet,1048,1,1048,JazzCash,No,0,4,31,Mobile,13
C214,Faisal Hussain,19,Male,Islamabad,2023-12-16,ORD1127,2025-01-09,Food,Dry Fruits Pack,461,2,922,Debit Card,No,0,4,38,Mobile,24
C214,Faisal Hussain,19,Male,Islamabad,2023-12-16,ORD1128,2024-11-11,Clothing,Sweater,3837,3,10360,EasyPaisa,Yes,10,4,55,Tablet,25
C214,Faisal Hussain,19,Male,Islamabad,2023-12-16,ORD1129,2024-05-23,Accessories,Sunglasses,2446,2,4892,JazzCash,No,0,1,3,Mobile,26
C214,Faisal Hussain,19,Male,Islamabad,2023-12-16,ORD1130,2025-03-10,Health,Pain Relief Gel,2157,4,8628,Credit Card,No,0,2,14,Mobile,27
C214,Faisal Hussain,19,Male,Islamabad,2023-12-16,ORD1131,2024-04-20,Electronics,Smart Watch,11331,3,27194,JazzCash,Yes,20,4,19,Desktop,28
C214,Faisal Hussain,19,Male,Islamabad,2023-12-16,ORD1132,2025-02-02,Clothing,T-Shirt,4904,4,17654,Cash on Delivery,Yes,10,5,3,Mobile,29
C214,Faisal Hussain,19,Male,Islamabad,2023-12-16,ORD1133,2024-03-26,Home & Kitchen,Storage Container,5389,3,14550,Credit Card,Yes,10,5,28,Mobile,30
C215,Waqar Hussain,55,Male,Karachi,2023-12-15,ORD1134,2025-05-18,Electronics,Mouse,3659,4,14636,Cash on Delivery,No,0,4,18,Mobile,16
C215,Waqar Hussain,55,Male,Karachi,2023-12-15,ORD1135,2024-06-08,Sports,Gym Gloves,5829,4,23316,JazzCash,No,0,4,54,Desktop,17
C215,Waqar Hussain,55,Male,Karachi,2023-12-15,ORD1136,2024-06-04,Clothing,Kurta,3335,1,3335,EasyPaisa,No,0,3,53,Tablet,18
C215,Waqar Hussain,55,Male,Karachi,2023-12-15,ORD1137,2024-02-06,Electronics,Keyboard,11225,4,35920,JazzCash,Yes,20,2,50,Desktop,19
C215,Waqar Hussain,55,Male,Karachi,2023-12-15,ORD1138,2025-04-01,Books,History Book,2199,1,2199,EasyPaisa,No,0,3,53,Mobile,20
C215,Waqar Hussain,55,Male,Karachi,2023-12-15,ORD1139,2025-01-30,Sports,Badminton Racket,1583,3,4749,JazzCash,No,0,5,2,Mobile,21
C215,Waqar Hussain,55,Male,Karachi,2023-12-15,ORD1140,2025-04-25,Sports,Sports Bottle,1943,1,1943,Cash on Delivery,No,0,3,49,Desktop,22
C215,Waqar Hussain,55,Male,Karachi,2023-12-15,ORD1141,2024-05-24,Books,English Grammar,1379,2,2620,JazzCash,Yes,5,5,6,Desktop,23
C216,Kiran Qureshi,31,Female,Karachi,2023-11-07,ORD1142,2024-01-07,Home & Kitchen,Tea Set,1522,1,1370,Debit Card,Yes,10,3,58,Desktop,4
C216,Kiran Qureshi,31,Female,Karachi,2023-11-07,ORD1143,2025-03-12,Health,Pain Relief Gel,1053,1,1053,Cash on Delivery,No,0,2,27,Mobile,5
C216,Kiran Qureshi,31,Female,Karachi,2023-11-07,ORD1144,2025-05-21,Sports,Gym Gloves,4197,4,16788,JazzCash,No,0,4,52,Mobile,6
C216,Kiran Qureshi,31,Female,Karachi,2023-11-07,ORD1145,2024-03-01,Beauty,Nail Polish,2409,2,4818,Cash on Delivery,No,0,2,47,Mobile,7
C216,Kiran Qureshi,31,Female,Karachi,2023-11-07,ORD1146,2024-06-28,Books,Fiction Novel,2391,2,4782,EasyPaisa,No,0,3,47,Desktop,8
C216,Kiran Qureshi,31,Female,Karachi,2023-11-07,ORD1147,2025-04-21,Home & Kitchen,Mug Set,5737,4,22948,JazzCash,No,0,3,23,Tablet,9
C216,Kiran Qureshi,31,Female,Karachi,2023-11-07,ORD1148,2024-04-06,Food,Snack Pack,2029,4,6493,Cash on Delivery,Yes,20,3,29,Desktop,10
C217,Parveen Sheikh,60,Female,Multan,2023-07-09,ORD1149,2025-03-01,Home & Kitchen,Water Bottle,6183,2,9893,EasyPaisa,Yes,20,3,25,Tablet,26
C217,Parveen Sheikh,60,Female,Multan,2023-07-09,ORD1150,2024-10-01,Health,Vitamin Tablets,2611,1,2611,Cash on Delivery,No,0,2,33,Tablet,27
C217,Parveen Sheikh,60,Female,Multan,2023-07-09,ORD1151,2024-05-21,Books,Business Book,2807,1,2807,Cash on Delivery,No,0,4,33,Tablet,28
C217,Parveen Sheikh,60,Female,Multan,2023-07-09,ORD1152,2025-03-09,Toys,Remote Car,1390,3,4170,Credit Card,No,0,2,45,Tablet,29
C217,Parveen Sheikh,60,Female,Multan,2023-07-09,ORD1153,2024-06-15,Health,First Aid Kit,803,1,642,Cash on Delivery,Yes,20,4,20,Mobile,30
C218,Fatima Khan,32,Female,Sialkot,2022-12-31,ORD1154,2024-08-03,Health,Omega 3 Capsules,209,2,418,Debit Card,No,0,2,34,Tablet,20
C218,Fatima Khan,32,Female,Sialkot,2022-12-31,ORD1155,2024-11-06,Sports,Yoga Mat,5517,4,22068,JazzCash,No,0,3,44,Mobile,21
C218,Fatima Khan,32,Female,Sialkot,2022-12-31,ORD1156,2024-08-23,Toys,Play Dough,2037,1,1630,Cash on Delivery,Yes,20,3,13,Desktop,22
C218,Fatima Khan,32,Female,Sialkot,2022-12-31,ORD1157,2024-06-22,Health,First Aid Kit,316,4,1264,Cash on Delivery,No,0,5,50,Mobile,23
C218,Fatima Khan,32,Female,Sialkot,2022-12-31,ORD1158,2024-01-31,Health,Omega 3 Capsules,950,3,2850,Credit Card,No,0,2,23,Mobile,24
C218,Fatima Khan,32,Female,Sialkot,2022-12-31,ORD1159,2024-12-24,Sports,Cricket Ball,3476,2,6604,Credit Card,Yes,5,4,35,Tablet,25
C219,Sobia Khan,62,Female,Lahore,2023-01-27,ORD1160,2024-03-04,Beauty,Perfume,736,3,2208,Cash on Delivery,No,0,1,60,Desktop,17
C219,Sobia Khan,62,Female,Lahore,2023-01-27,ORD1161,2024-09-19,Home & Kitchen,Water Bottle,2037,1,2037,Debit Card,No,0,2,49,Desktop,18
C219,Sobia Khan,62,Female,Lahore,2023-01-27,ORD1162,2025-01-11,Food,Biscuit Pack,2675,2,4280,JazzCash,Yes,20,3,36,Desktop,19
C219,Sobia Khan,62,Female,Lahore,2023-01-27,ORD1163,2024-02-19,Accessories,Cap,2087,3,6261,JazzCash,No,0,2,34,Desktop,20
C219,Sobia Khan,62,Female,Lahore,2023-01-27,ORD1164,2024-07-07,Health,Omega 3 Capsules,1326,1,1193,JazzCash,Yes,10,4,10,Mobile,21
C219,Sobia Khan,62,Female,Lahore,2023-01-27,ORD1165,2024-07-25,Toys,Building Blocks,3229,1,3229,Cash on Delivery,No,0,3,43,Desktop,22
C220,Noor Chaudhry,63,Female,Karachi,2024-02-19,ORD1166,2025-02-21,Home & Kitchen,Storage Container,6979,4,27916,Credit Card,No,0,2,20,Mobile,13
C220,Noor Chaudhry,63,Female,Karachi,2024-02-19,ORD1167,2025-01-21,Food,Honey Jar,472,2,755,Cash on Delivery,Yes,20,2,14,Desktop,14
C220,Noor Chaudhry,63,Female,Karachi,2024-02-19,ORD1168,2024-12-03,Food,Coffee Beans,2263,1,2263,JazzCash,No,0,1,24,Tablet,15
C220,Noor Chaudhry,63,Female,Karachi,2024-02-19,ORD1169,2024-08-15,Beauty,Shampoo,3521,4,14084,Debit Card,No,0,5,31,Desktop,16
C220,Noor Chaudhry,63,Female,Karachi,2024-02-19,ORD1170,2024-07-08,Toys,Color Set,4280,1,4280,JazzCash,No,0,1,60,Mobile,17
C220,Noor Chaudhry,63,Female,Karachi,2024-02-19,ORD1171,2025-03-28,Books,Self Help Book,1319,1,1055,Debit Card,Yes,20,2,7,Desktop,18
C220,Noor Chaudhry,63,Female,Karachi,2024-02-19,ORD1172,2024-05-24,Clothing,Jacket,3848,3,11544,Cash on Delivery,No,0,2,33,Tablet,19
C221,Faisal Raza,21,Male,Islamabad,2023-03-22,ORD1173,2025-04-27,Books,Islamic Studies,2727,2,5454,JazzCash,No,0,3,15,Mobile,15
C221,Faisal Raza,21,Male,Islamabad,2023-03-22,ORD1174,2024-08-28,Sports,Sports Bottle,5338,2,10676,EasyPaisa,No,0,3,46,Mobile,16
C221,Faisal Raza,21,Male,Islamabad,2023-03-22,ORD1175,2024-06-18,Health,Pain Relief Gel,535,3,1284,Cash on Delivery,Yes,20,4,2,Tablet,17
C221,Faisal Raza,21,Male,Islamabad,2023-03-22,ORD1176,2024-10-29,Beauty,Nail Polish,2808,4,9547,Credit Card,Yes,15,4,28,Mobile,18
C222,Kiran Siddiqui,45,Female,Lahore,2024-02-17,ORD1177,2024-07-04,Home & Kitchen,Storage Container,6242,2,10611,Credit Card,Yes,15,4,32,Mobile,30
C222,Kiran Siddiqui,45,Female,Lahore,2024-02-17,ORD1178,2025-02-24,Health,Protein Powder,2687,3,8061,Debit Card,No,0,3,29,Mobile,31
C222,Kiran Siddiqui,45,Female,Lahore,2024-02-17,ORD1179,2024-08-16,Health,Eye Drops,278,1,278,JazzCash,No,0,2,43,Desktop,32
C222,Kiran Siddiqui,45,Female,Lahore,2024-02-17,ORD1180,2025-03-27,Electronics,Phone Case,7139,4,22845,Credit Card,Yes,20,4,3,Desktop,33
C222,Kiran Siddiqui,45,Female,Lahore,2024-02-17,ORD1181,2024-03-19,Home & Kitchen,Cutting Board,4501,4,18004,JazzCash,No,0,3,37,Tablet,34
C223,Parveen Dar,38,Female,Islamabad,2024-03-24,ORD1182,2024-03-05,Beauty,Perfume,2375,2,4750,EasyPaisa,No,0,4,6,Mobile,29
C223,Parveen Dar,38,Female,Islamabad,2024-03-24,ORD1183,2024-05-28,Electronics,Phone Case,2030,1,1624,Credit Card,Yes,20,2,51,Mobile,30
C223,Parveen Dar,38,Female,Islamabad,2024-03-24,ORD1184,2025-05-19,Toys,Building Blocks,1132,4,4302,Debit Card,Yes,5,2,25,Mobile,31
C223,Parveen Dar,38,Female,Islamabad,2024-03-24,ORD1185,2024-12-11,Electronics,Keyboard,1216,3,3648,Cash on Delivery,No,0,4,28,Tablet,32
C224,Bushra Shah,59,Female,Sialkot,2024-03-14,ORD1186,2025-04-06,Food,Coffee Beans,1649,2,3133,EasyPaisa,Yes,5,5,28,Tablet,24
C224,Bushra Shah,59,Female,Sialkot,2024-03-14,ORD1187,2024-11-23,Books,Business Book,573,1,573,Credit Card,No,0,1,49,Mobile,25
C224,Bushra Shah,59,Female,Sialkot,2024-03-14,ORD1188,2024-08-26,Accessories,Cap,1026,3,3078,EasyPaisa,No,0,5,37,Tablet,26
C224,Bushra Shah,59,Female,Sialkot,2024-03-14,ORD1189,2024-07-06,Accessories,Scarf,170,1,145,Debit Card,Yes,15,5,38,Desktop,27
C224,Bushra Shah,59,Female,Sialkot,2024-03-14,ORD1190,2024-07-06,Health,Thermometer,410,4,1640,Credit Card,No,0,2,2,Mobile,28
C225,Zain Raza,29,Male,Faisalabad,2023-03-14,ORD1191,2024-02-21,Home & Kitchen,Plate Set,6639,2,12614,JazzCash,Yes,5,4,2,Mobile,6
C225,Zain Raza,29,Male,Faisalabad,2023-03-14,ORD1192,2025-04-30,Sports,Cricket Ball,4904,1,4904,Credit Card,No,0,5,21,Tablet,7
C225,Zain Raza,29,Male,Faisalabad,2023-03-14,ORD1193,2024-08-26,Books,Math Textbook,2879,1,2591,JazzCash,Yes,10,4,9,Desktop,8
C225,Zain Raza,29,Male,Faisalabad,2023-03-14,ORD1194,2025-05-29,Clothing,Kurta,4602,2,9204,Credit Card,No,0,4,11,Mobile,9
C225,Zain Raza,29,Male,Faisalabad,2023-03-14,ORD1195,2025-01-07,Sports,Football,5862,1,5862,EasyPaisa,No,0,1,48,Desktop,10
C225,Zain Raza,29,Male,Faisalabad,2023-03-14,ORD1196,2025-03-31,Electronics,USB Cable,8908,1,8463,JazzCash,Yes,5,4,43,Mobile,11
C226,Usman Iqbal,63,Male,Hyderabad,2023-09-21,ORD1197,2024-07-16,Books,Fiction Novel,346,2,692,JazzCash,No,0,1,12,Tablet,0
C226,Usman Iqbal,63,Male,Hyderabad,2023-09-21,ORD1198,2024-08-03,Food,Biscuit Pack,2056,4,6579,Credit Card,Yes,20,4,14,Desktop,1
C226,Usman Iqbal,63,Male,Hyderabad,2023-09-21,ORD1199,2025-01-09,Home & Kitchen,Storage Container,3502,3,10506,Cash on Delivery,No,0,1,5,Mobile,2
C226,Usman Iqbal,63,Male,Hyderabad,2023-09-21,ORD1200,2025-05-25,Toys,Remote Car,4782,2,9564,JazzCash,No,0,1,60,Desktop,3
C226,Usman Iqbal,63,Male,Hyderabad,2023-09-21,ORD1201,2024-10-12,Food,Spice Set,482,3,1446,Cash on Delivery,No,0,1,34,Tablet,4
C227,Fahad Nawaz,32,Male,Hyderabad,2023-02-06,ORD1202,2024-02-13,Accessories,Scarf,1719,1,1719,JazzCash,No,0,1,25,Desktop,9
C227,Fahad Nawaz,32,Male,Hyderabad,2023-02-06,ORD1203,2024-06-06,Food,Coffee Beans,2926,1,2633,Cash on Delivery,Yes,10,2,37,Tablet,10
C227,Fahad Nawaz,32,Male,Hyderabad,2023-02-06,ORD1204,2023-12-31,Health,Hand Sanitizer,2139,2,3636,Credit Card,Yes,15,2,42,Mobile,11
C227,Fahad Nawaz,32,Male,Hyderabad,2023-02-06,ORD1205,2024-12-17,Beauty,Sunscreen,262,2,524,Cash on Delivery,No,0,5,36,Mobile,12
C227,Fahad Nawaz,32,Male,Hyderabad,2023-02-06,ORD1206,2025-02-14,Health,Omega 3 Capsules,1915,4,7660,Cash on Delivery,No,0,2,59,Tablet,13
C227,Fahad Nawaz,32,Male,Hyderabad,2023-02-06,ORD1207,2024-01-08,Food,Tea Pack,2522,1,2522,EasyPaisa,No,0,3,57,Tablet,14
C227,Fahad Nawaz,32,Male,Hyderabad,2023-02-06,ORD1208,2024-11-11,Electronics,Wireless Earbuds,5308,3,15924,Credit Card,No,0,2,26,Desktop,15
C227,Fahad Nawaz,32,Male,Hyderabad,2023-02-06,ORD1209,2024-04-10,Health,Hand Sanitizer,4023,3,10862,Credit Card,Yes,10,3,47,Desktop,16
C228,Amna Butt,41,Female,Quetta,2023-02-11,ORD1210,2024-02-02,Clothing,Sweater,738,3,2214,EasyPaisa,No,0,3,34,Mobile,30
C228,Amna Butt,41,Female,Quetta,2023-02-11,ORD1211,2025-05-03,Accessories,Scarf,3381,3,10143,Debit Card,No,0,2,49,Desktop,31
C228,Amna Butt,41,Female,Quetta,2023-02-11,ORD1212,2024-11-16,Toys,Remote Car,4078,2,7340,EasyPaisa,Yes,10,2,2,Desktop,32
C228,Amna Butt,41,Female,Quetta,2023-02-11,ORD1213,2024-04-06,Home & Kitchen,Tea Set,5925,4,23700,Debit Card,No,0,2,33,Desktop,33
C228,Amna Butt,41,Female,Quetta,2023-02-11,ORD1214,2024-11-11,Accessories,Belt,2541,2,5082,Cash on Delivery,No,0,4,59,Tablet,34
C228,Amna Butt,41,Female,Quetta,2023-02-11,ORD1215,2024-01-20,Health,Thermometer,2026,2,4052,EasyPaisa,No,0,1,12,Tablet,35
C228,Amna Butt,41,Female,Quetta,2023-02-11,ORD1216,2024-12-31,Electronics,Smart Watch,504,1,454,JazzCash,Yes,10,4,36,Desktop,36
C229,Hassan Hashmi,43,Male,Rawalpindi,2024-02-12,ORD1217,2024-01-20,Beauty,Shampoo,2531,2,5062,EasyPaisa,No,0,3,9,Tablet,25
C229,Hassan Hashmi,43,Male,Rawalpindi,2024-02-12,ORD1218,2024-06-08,Home & Kitchen,Plate Set,7190,2,12223,Credit Card,Yes,15,4,53,Tablet,26
C229,Hassan Hashmi,43,Male,Rawalpindi,2024-02-12,ORD1219,2024-05-08,Home & Kitchen,Tea Set,4260,3,12780,JazzCash,No,0,1,42,Desktop,27
C229,Hassan Hashmi,43,Male,Rawalpindi,2024-02-12,ORD1220,2025-04-22,Clothing,Jeans,3114,2,5605,Credit Card,Yes,10,4,37,Desktop,28
C229,Hassan Hashmi,43,Male,Rawalpindi,2024-02-12,ORD1221,2024-04-25,Food,Juice Box,666,4,2398,Credit Card,Yes,10,3,44,Mobile,29
C229,Hassan Hashmi,43,Male,Rawalpindi,2024-02-12,ORD1222,2024-11-23,Home & Kitchen,Knife Set,355,2,568,EasyPaisa,Yes,20,2,7,Desktop,30
C230,Zain Ahmed,40,Male,Karachi,2024-05-22,ORD1223,2025-01-08,Health,Eye Drops,3087,1,3087,Cash on Delivery,No,0,4,42,Tablet,4
C230,Zain Ahmed,40,Male,Karachi,2024-05-22,ORD1224,2024-06-01,Books,History Book,2665,4,10660,Cash on Delivery,No,0,5,37,Desktop,5
C230,Zain Ahmed,40,Male,Karachi,2024-05-22,ORD1225,2024-02-08,Beauty,Lip Balm,3849,1,3849,Cash on Delivery,No,0,5,18,Tablet,6
C230,Zain Ahmed,40,Male,Karachi,2024-05-22,ORD1226,2024-05-16,Sports,Gym Gloves,5527,1,5527,JazzCash,No,0,5,39,Tablet,7
C230,Zain Ahmed,40,Male,Karachi,2024-05-22,ORD1227,2024-07-04,Home & Kitchen,Storage Container,5773,2,11546,Cash on Delivery,No,0,3,51,Mobile,8
C230,Zain Ahmed,40,Male,Karachi,2024-05-22,ORD1228,2024-07-28,Home & Kitchen,Lunch Box,6035,1,6035,Credit Card,No,0,1,38,Tablet,9
C231,Omar Butt,44,Male,Islamabad,2023-03-13,ORD1229,2025-05-27,Books,Fiction Novel,1184,2,2368,EasyPaisa,No,0,2,3,Tablet,14
C231,Omar Butt,44,Male,Islamabad,2023-03-13,ORD1230,2024-10-17,Sports,Football,1107,1,1107,EasyPaisa,No,0,2,27,Desktop,15
C231,Omar Butt,44,Male,Islamabad,2023-03-13,ORD1231,2024-02-22,Beauty,Moisturizer,1356,2,2712,EasyPaisa,No,0,4,22,Desktop,16
C231,Omar Butt,44,Male,Islamabad,2023-03-13,ORD1232,2024-04-20,Clothing,T-Shirt,2787,4,11148,Cash on Delivery,No,0,1,8,Tablet,17
C231,Omar Butt,44,Male,Islamabad,2023-03-13,ORD1233,2024-03-04,Electronics,Keyboard,2171,3,6513,Debit Card,No,0,1,32,Tablet,18
C231,Omar Butt,44,Male,Islamabad,2023-03-13,ORD1234,2024-04-25,Electronics,Wireless Earbuds,4713,1,3770,Credit Card,Yes,20,5,25,Tablet,19
C231,Omar Butt,44,Male,Islamabad,2023-03-13,ORD1235,2024-09-23,Accessories,Backpack,2288,3,6178,Cash on Delivery,Yes,10,2,51,Desktop,20
C232,Sobia Qureshi,43,Female,Multan,2024-06-25,ORD1236,2024-04-24,Health,Pain Relief Gel,3151,1,2521,EasyPaisa,Yes,20,5,19,Mobile,26
C232,Sobia Qureshi,43,Female,Multan,2024-06-25,ORD1237,2024-09-23,Accessories,Sunglasses,2863,3,8589,EasyPaisa,No,0,4,20,Mobile,27
C232,Sobia Qureshi,43,Female,Multan,2024-06-25,ORD1238,2024-01-16,Clothing,Polo Shirt,2239,1,2239,Cash on Delivery,No,0,1,17,Mobile,28
C232,Sobia Qureshi,43,Female,Multan,2024-06-25,ORD1239,2024-07-04,Beauty,Perfume,674,4,2696,Debit Card,No,0,2,2,Mobile,29
C232,Sobia Qureshi,43,Female,Multan,2024-06-25,ORD1240,2024-04-12,Books,Islamic Studies,823,2,1646,Cash on Delivery,No,0,5,39,Tablet,30
C232,Sobia Qureshi,43,Female,Multan,2024-06-25,ORD1241,2024-10-31,Accessories,Keychain,3640,4,14560,Cash on Delivery,No,0,2,26,Desktop,31
C232,Sobia Qureshi,43,Female,Multan,2024-06-25,ORD1242,2024-08-26,Sports,Cricket Ball,2317,4,7414,Cash on Delivery,Yes,20,4,53,Mobile,32
C233,Maryam Chaudhry,36,Female,Multan,2023-05-28,ORD1243,2024-09-23,Books,Python Programming,2594,4,9338,JazzCash,Yes,10,2,27,Tablet,0
C233,Maryam Chaudhry,36,Female,Multan,2023-05-28,ORD1244,2024-01-07,Sports,Running Shoes,4622,1,3929,EasyPaisa,Yes,15,3,22,Tablet,1
C233,Maryam Chaudhry,36,Female,Multan,2023-05-28,ORD1245,2024-01-24,Accessories,Watch Strap,3011,1,3011,Credit Card,No,0,5,19,Mobile,2
C234,Hira Hussain,62,Female,Faisalabad,2024-03-15,ORD1246,2024-10-15,Health,Hand Sanitizer,2698,1,2698,Debit Card,No,0,4,17,Desktop,25
C234,Hira Hussain,62,Female,Faisalabad,2024-03-15,ORD1247,2024-07-25,Accessories,Cap,186,4,632,Credit Card,Yes,15,2,15,Tablet,26
C234,Hira Hussain,62,Female,Faisalabad,2024-03-15,ORD1248,2024-09-17,Sports,Sports Bottle,4323,3,11024,EasyPaisa,Yes,15,4,10,Mobile,27
C234,Hira Hussain,62,Female,Faisalabad,2024-03-15,ORD1249,2024-04-17,Electronics,Power Bank,5619,3,16857,Debit Card,No,0,5,40,Mobile,28
C234,Hira Hussain,62,Female,Faisalabad,2024-03-15,ORD1250,2024-10-27,Books,Data Science Guide,365,2,730,Cash on Delivery,No,0,5,53,Desktop,29
C235,Maryam Malik,46,Female,Quetta,2023-07-07,ORD1251,2024-08-06,Food,Snack Pack,1273,4,5092,Credit Card,No,0,4,51,Mobile,13
C235,Maryam Malik,46,Female,Quetta,2023-07-07,ORD1252,2024-08-31,Accessories,Ring,3490,1,3490,JazzCash,No,0,4,32,Desktop,14
C235,Maryam Malik,46,Female,Quetta,2023-07-07,ORD1253,2025-05-24,Electronics,Webcam,12710,3,38130,Debit Card,No,0,1,46,Mobile,15
C235,Maryam Malik,46,Female,Quetta,2023-07-07,ORD1254,2024-12-29,Clothing,Trouser,2371,4,9484,Credit Card,No,0,1,15,Desktop,16
C235,Maryam Malik,46,Female,Quetta,2023-07-07,ORD1255,2024-05-15,Toys,Stuffed Toy,4326,3,12978,Cash on Delivery,No,0,1,23,Desktop,17
C236,Kiran Dar,49,Female,Peshawar,2024-01-03,ORD1256,2025-05-10,Electronics,Wireless Earbuds,12407,4,49628,Cash on Delivery,No,0,2,34,Tablet,30
C236,Kiran Dar,49,Female,Peshawar,2024-01-03,ORD1257,2025-03-21,Beauty,Nail Polish,1980,1,1881,Debit Card,Yes,5,5,40,Mobile,31
C236,Kiran Dar,49,Female,Peshawar,2024-01-03,ORD1258,2024-12-05,Clothing,Shorts,2869,1,2869,Debit Card,No,0,3,22,Desktop,32
C236,Kiran Dar,49,Female,Peshawar,2024-01-03,ORD1259,2025-03-22,Books,Data Science Guide,2679,3,8037,Credit Card,No,0,5,23,Tablet,33
C236,Kiran Dar,49,Female,Peshawar,2024-01-03,ORD1260,2024-08-04,Health,Thermometer,4328,1,3895,Debit Card,Yes,10,4,33,Mobile,34
C236,Kiran Dar,49,Female,Peshawar,2024-01-03,ORD1261,2025-02-01,Electronics,Bluetooth Speaker,7256,1,7256,Cash on Delivery,No,0,2,46,Tablet,35
C236,Kiran Dar,49,Female,Peshawar,2024-01-03,ORD1262,2025-01-19,Beauty,Sunscreen,827,1,827,Credit Card,No,0,3,44,Desktop,36
C237,Sumera Malik,58,Female,Hyderabad,2023-03-06,ORD1263,2024-07-21,Health,Thermometer,938,4,3752,EasyPaisa,No,0,3,6,Tablet,6
C237,Sumera Malik,58,Female,Hyderabad,2023-03-06,ORD1264,2025-05-24,Health,BP Monitor,1437,2,2730,EasyPaisa,Yes,5,4,15,Desktop,7
C237,Sumera Malik,58,Female,Hyderabad,2023-03-06,ORD1265,2024-11-12,Electronics,Wireless Earbuds,6801,2,12242,Cash on Delivery,Yes,10,2,11,Desktop,8
C237,Sumera Malik,58,Female,Hyderabad,2023-03-06,ORD1266,2024-09-08,Electronics,Power Bank,8708,2,17416,EasyPaisa,No,0,3,41,Desktop,9
C237,Sumera Malik,58,Female,Hyderabad,2023-03-06,ORD1267,2024-09-02,Electronics,USB Cable,2008,4,8032,JazzCash,No,0,4,21,Desktop,10
C237,Sumera Malik,58,Female,Hyderabad,2023-03-06,ORD1268,2025-04-15,Electronics,Mouse,14657,4,46902,Debit Card,Yes,20,5,35,Tablet,11
C237,Sumera Malik,58,Female,Hyderabad,2023-03-06,ORD1269,2024-04-20,Accessories,Bracelet,487,1,487,JazzCash,No,0,4,40,Desktop,12
C238,Shahid Ahmed,39,Male,Sialkot,2024-03-07,ORD1270,2025-01-16,Beauty,Face Wash,3769,4,12061,Cash on Delivery,Yes,20,4,10,Desktop,1
C238,Shahid Ahmed,39,Male,Sialkot,2024-03-07,ORD1271,2025-05-13,Sports,Badminton Racket,2226,2,3562,JazzCash,Yes,20,3,5,Mobile,2
C238,Shahid Ahmed,39,Male,Sialkot,2024-03-07,ORD1272,2024-04-16,Electronics,Smart Watch,10601,1,10601,Debit Card,No,0,4,40,Mobile,3
C238,Shahid Ahmed,39,Male,Sialkot,2024-03-07,ORD1273,2024-02-12,Beauty,Shampoo,3130,3,9390,Cash on Delivery,No,0,1,10,Tablet,4
C238,Shahid Ahmed,39,Male,Sialkot,2024-03-07,ORD1274,2024-09-14,Clothing,Jacket,4074,3,12222,Cash on Delivery,No,0,2,21,Tablet,5
C238,Shahid Ahmed,39,Male,Sialkot,2024-03-07,ORD1275,2024-10-12,Beauty,Shampoo,3311,1,3311,Credit Card,No,0,3,36,Tablet,6
C238,Shahid Ahmed,39,Male,Sialkot,2024-03-07,ORD1276,2025-04-13,Food,Chocolate Box,2379,4,9516,Credit Card,No,0,2,26,Tablet,7
C238,Shahid Ahmed,39,Male,Sialkot,2024-03-07,ORD1277,2024-03-10,Electronics,Bluetooth Speaker,11965,3,35895,Debit Card,No,0,3,26,Desktop,8
C239,Usman Butt,53,Male,Rawalpindi,2023-12-22,ORD1278,2024-12-30,Accessories,Sunglasses,985,4,3743,EasyPaisa,Yes,5,2,35,Desktop,13
C239,Usman Butt,53,Male,Rawalpindi,2023-12-22,ORD1279,2024-01-27,Accessories,Scarf,2002,3,6006,Credit Card,No,0,2,6,Tablet,14
C239,Usman Butt,53,Male,Rawalpindi,2023-12-22,ORD1280,2024-02-14,Sports,Dumbbells,2397,4,9588,Debit Card,No,0,5,56,Desktop,15
C239,Usman Butt,53,Male,Rawalpindi,2023-12-22,ORD1281,2024-05-16,Food,Dry Fruits Pack,732,2,1464,JazzCash,No,0,5,29,Mobile,16
C239,Usman Butt,53,Male,Rawalpindi,2023-12-22,ORD1282,2025-03-03,Health,BP Monitor,2642,1,2642,Credit Card,No,0,1,5,Tablet,17
C239,Usman Butt,53,Male,Rawalpindi,2023-12-22,ORD1283,2025-03-12,Toys,Action Figure,3812,2,7624,Cash on Delivery,No,0,5,56,Mobile,18
C240,Nadeem Nawaz,40,Male,Islamabad,2023-03-26,ORD1284,2025-01-13,Toys,Building Blocks,514,2,874,JazzCash,Yes,15,3,50,Mobile,21
C240,Nadeem Nawaz,40,Male,Islamabad,2023-03-26,ORD1285,2024-01-01,Electronics,Webcam,2093,1,2093,Debit Card,No,0,2,60,Tablet,22
C240,Nadeem Nawaz,40,Male,Islamabad,2023-03-26,ORD1286,2024-07-07,Electronics,Bluetooth Speaker,14937,1,14937,Cash on Delivery,No,0,5,9,Desktop,23
C240,Nadeem Nawaz,40,Male,Islamabad,2023-03-26,ORD1287,2024-02-23,Food,Tea Pack,1464,2,2782,Cash on Delivery,Yes,5,2,12,Tablet,24
C240,Nadeem Nawaz,40,Male,Islamabad,2023-03-26,ORD1288,2025-04-16,Electronics,Power Bank,11648,1,11648,EasyPaisa,No,0,3,27,Mobile,25
C241,Saad Chaudhry,38,Male,Hyderabad,2023-04-05,ORD1289,2024-02-06,Books,Data Science Guide,2608,4,9910,Credit Card,Yes,5,3,18,Desktop,11
C241,Saad Chaudhry,38,Male,Hyderabad,2023-04-05,ORD1290,2024-03-08,Sports,Sports Bottle,2769,4,11076,Debit Card,No,0,1,59,Mobile,12
C241,Saad Chaudhry,38,Male,Hyderabad,2023-04-05,ORD1291,2024-07-05,Home & Kitchen,Plate Set,3117,3,9351,Cash on Delivery,No,0,3,54,Mobile,13
C242,Tahira Hussain,43,Female,Hyderabad,2023-09-02,ORD1292,2024-07-02,Beauty,Perfume,2846,2,5407,Credit Card,Yes,5,4,50,Tablet,11
C242,Tahira Hussain,43,Female,Hyderabad,2023-09-02,ORD1293,2024-10-19,Food,Biscuit Pack,488,2,976,Debit Card,No,0,4,27,Desktop,12
C242,Tahira Hussain,43,Female,Hyderabad,2023-09-02,ORD1294,2024-10-02,Electronics,USB Cable,6390,4,23004,JazzCash,Yes,10,4,36,Mobile,13
C242,Tahira Hussain,43,Female,Hyderabad,2023-09-02,ORD1295,2024-06-16,Toys,Remote Car,309,1,309,Cash on Delivery,No,0,2,39,Mobile,14
C242,Tahira Hussain,43,Female,Hyderabad,2023-09-02,ORD1296,2025-01-19,Sports,Sports Bottle,6393,3,15343,Debit Card,Yes,20,4,8,Mobile,15
C243,Imran Siddiqui,60,Male,Peshawar,2024-04-29,ORD1297,2024-12-03,Home & Kitchen,Tea Set,882,1,882,EasyPaisa,No,0,2,28,Tablet,24
C243,Imran Siddiqui,60,Male,Peshawar,2024-04-29,ORD1298,2024-05-09,Clothing,Formal Shirt,4562,4,18248,JazzCash,No,0,4,22,Tablet,25
C243,Imran Siddiqui,60,Male,Peshawar,2024-04-29,ORD1299,2024-09-18,Sports,Dumbbells,3567,1,3389,Credit Card,Yes,5,2,48,Tablet,26
C244,Waqar Chaudhry,45,Male,Multan,2023-05-17,ORD1300,2024-11-30,Health,BP Monitor,2252,1,2252,Debit Card,No,0,2,40,Tablet,28
C244,Waqar Chaudhry,45,Male,Multan,2023-05-17,ORD1301,2024-01-02,Health,Eye Drops,431,1,431,EasyPaisa,No,0,5,4,Mobile,29
C244,Waqar Chaudhry,45,Male,Multan,2023-05-17,ORD1302,2024-03-10,Accessories,Scarf,1976,2,3952,EasyPaisa,No,0,4,46,Desktop,30
C244,Waqar Chaudhry,45,Male,Multan,2023-05-17,ORD1303,2024-07-23,Sports,Running Shoes,4898,3,14694,Credit Card,No,0,2,51,Mobile,31
C245,Ali Ahmed,48,Male,Faisalabad,2024-05-25,ORD1304,2024-07-15,Home & Kitchen,Lunch Box,5690,1,5690,Debit Card,No,0,5,8,Desktop,28
C245,Ali Ahmed,48,Male,Faisalabad,2024-05-25,ORD1305,2024-03-19,Toys,Action Figure,3482,2,6964,Credit Card,No,0,3,27,Tablet,29
C245,Ali Ahmed,48,Male,Faisalabad,2024-05-25,ORD1306,2024-07-05,Food,Dry Fruits Pack,313,1,282,Cash on Delivery,Yes,10,3,18,Desktop,30
C245,Ali Ahmed,48,Male,Faisalabad,2024-05-25,ORD1307,2024-03-17,Food,Coffee Beans,2718,1,2174,EasyPaisa,Yes,20,4,26,Desktop,31
C246,Amna Shah,18,Female,Islamabad,2023-04-05,ORD1308,2024-10-08,Beauty,Lip Balm,1973,2,3946,EasyPaisa,No,0,4,11,Mobile,11
C246,Amna Shah,18,Female,Islamabad,2023-04-05,ORD1309,2025-04-29,Books,Data Science Guide,1157,4,4628,JazzCash,No,0,3,46,Mobile,12
C246,Amna Shah,18,Female,Islamabad,2023-04-05,ORD1310,2025-01-18,Electronics,USB Cable,5101,3,15303,Credit Card,No,0,1,29,Mobile,13
C246,Amna Shah,18,Female,Islamabad,2023-04-05,ORD1311,2025-02-13,Health,BP Monitor,1200,3,3600,EasyPaisa,No,0,1,25,Tablet,14
C246,Amna Shah,18,Female,Islamabad,2023-04-05,ORD1312,2024-06-15,Food,Honey Jar,2784,1,2784,JazzCash,No,0,4,58,Desktop,15
C246,Amna Shah,18,Female,Islamabad,2023-04-05,ORD1313,2024-04-11,Clothing,Sweater,1599,4,6076,Cash on Delivery,Yes,5,5,9,Mobile,16
C246,Amna Shah,18,Female,Islamabad,2023-04-05,ORD1314,2024-07-15,Home & Kitchen,Mug Set,2047,3,6141,JazzCash,No,0,4,28,Desktop,17
C246,Amna Shah,18,Female,Islamabad,2023-04-05,ORD1315,2025-04-23,Sports,Skipping Rope,5248,2,9971,EasyPaisa,Yes,5,4,14,Mobile,18
C247,Kamran Raza,46,Male,Islamabad,2023-03-15,ORD1316,2024-06-03,Home & Kitchen,Water Bottle,7857,4,26714,Debit Card,Yes,15,3,3,Desktop,27
C247,Kamran Raza,46,Male,Islamabad,2023-03-15,ORD1317,2024-04-30,Beauty,Face Mask,3588,3,10764,Cash on Delivery,No,0,5,22,Desktop,28
C247,Kamran Raza,46,Male,Islamabad,2023-03-15,ORD1318,2024-11-12,Beauty,Sunscreen,3612,3,10836,Debit Card,No,0,5,42,Tablet,29
C248,Bilal Abbasi,49,Male,Hyderabad,2023-03-01,ORD1319,2024-07-26,Accessories,Backpack,1493,2,2389,Debit Card,Yes,20,5,14,Mobile,27
C248,Bilal Abbasi,49,Male,Hyderabad,2023-03-01,ORD1320,2024-06-04,Food,Honey Jar,806,4,3224,EasyPaisa,No,0,2,9,Tablet,28
C248,Bilal Abbasi,49,Male,Hyderabad,2023-03-01,ORD1321,2024-03-06,Health,BP Monitor,2905,2,5810,Cash on Delivery,No,0,3,2,Desktop,29
C248,Bilal Abbasi,49,Male,Hyderabad,2023-03-01,ORD1322,2024-01-03,Beauty,Hair Oil,1060,4,4240,Debit Card,No,0,3,47,Mobile,30
C248,Bilal Abbasi,49,Male,Hyderabad,2023-03-01,ORD1323,2024-03-22,Electronics,Phone Case,3860,4,15440,EasyPaisa,No,0,1,39,Tablet,31
C248,Bilal Abbasi,49,Male,Hyderabad,2023-03-01,ORD1324,2025-02-05,Food,Biscuit Pack,283,3,849,Debit Card,No,0,4,3,Desktop,32
C248,Bilal Abbasi,49,Male,Hyderabad,2023-03-01,ORD1325,2024-01-21,Books,History Book,629,2,1258,Debit Card,No,0,2,15,Tablet,33
C248,Bilal Abbasi,49,Male,Hyderabad,2023-03-01,ORD1326,2024-02-09,Food,Snack Pack,2176,1,2176,Cash on Delivery,No,0,4,35,Tablet,34
C249,Naila Raza,44,Female,Rawalpindi,2023-04-27,ORD1327,2024-12-06,Electronics,Webcam,9601,4,32643,Cash on Delivery,Yes,15,5,19,Mobile,1
C249,Naila Raza,44,Female,Rawalpindi,2023-04-27,ORD1328,2025-02-28,Toys,Stuffed Toy,2049,2,4098,Cash on Delivery,No,0,3,31,Mobile,2
C249,Naila Raza,44,Female,Rawalpindi,2023-04-27,ORD1329,2024-12-24,Health,Thermometer,843,3,2529,Debit Card,No,0,4,9,Mobile,3
C249,Naila Raza,44,Female,Rawalpindi,2023-04-27,ORD1330,2025-03-11,Electronics,Mouse,13206,3,33675,Credit Card,Yes,15,5,43,Mobile,4
C249,Naila Raza,44,Female,Rawalpindi,2023-04-27,ORD1331,2024-04-23,Home & Kitchen,Tea Set,5523,4,20987,JazzCash,Yes,5,3,12,Tablet,5
C249,Naila Raza,44,Female,Rawalpindi,2023-04-27,ORD1332,2024-01-13,Toys,Stuffed Toy,1790,2,3580,Cash on Delivery,No,0,5,45,Desktop,6
C249,Naila Raza,44,Female,Rawalpindi,2023-04-27,ORD1333,2024-12-12,Electronics,Webcam,9065,3,27195,JazzCash,No,0,2,38,Mobile,7
C249,Naila Raza,44,Female,Rawalpindi,2023-04-27,ORD1334,2025-04-22,Sports,Sports Bag,1640,3,3936,EasyPaisa,Yes,20,4,45,Desktop,8
C250,Ali Chaudhry,47,Male,Sialkot,2024-02-20,ORD1335,2024-01-18,Toys,Building Blocks,1871,1,1871,Credit Card,No,0,1,21,Desktop,15
C250,Ali Chaudhry,47,Male,Sialkot,2024-02-20,ORD1336,2025-01-21,Beauty,Body Lotion,3705,1,3705,Debit Card,No,0,3,34,Tablet,16
C250,Ali Chaudhry,47,Male,Sialkot,2024-02-20,ORD1337,2024-03-28,Sports,Yoga Mat,3109,3,9327,JazzCash,No,0,3,2,Desktop,17
C250,Ali Chaudhry,47,Male,Sialkot,2024-02-20,ORD1338,2024-12-06,Food,Tea Pack,1885,2,3770,Cash on Delivery,No,0,2,57,Tablet,18
C250,Ali Chaudhry,47,Male,Sialkot,2024-02-20,ORD1339,2024-03-03,Health,Protein Powder,3327,3,9981,Debit Card,No,0,3,4,Tablet,19
C251,Imran Khan,26,Male,Hyderabad,2023-04-08,ORD1340,2024-05-10,Health,Thermometer,2741,2,5482,Credit Card,No,0,1,9,Tablet,6
C251,Imran Khan,26,Male,Hyderabad,2023-04-08,ORD1341,2024-10-06,Health,Hand Sanitizer,2181,2,4362,Cash on Delivery,No,0,1,10,Mobile,7
C251,Imran Khan,26,Male,Hyderabad,2023-04-08,ORD1342,2025-02-28,Books,Self Help Book,433,2,866,EasyPaisa,No,0,1,36,Mobile,8
C252,Rabia Hussain,24,Female,Islamabad,2024-05-26,ORD1343,2024-10-17,Health,Thermometer,2142,3,6105,EasyPaisa,Yes,5,3,19,Tablet,17
C252,Rabia Hussain,24,Female,Islamabad,2024-05-26,ORD1344,2024-03-31,Electronics,Bluetooth Speaker,1379,2,2758,Credit Card,No,0,1,52,Mobile,18
C252,Rabia Hussain,24,Female,Islamabad,2024-05-26,ORD1345,2024-09-01,Food,Dry Fruits Pack,2997,4,11988,EasyPaisa,No,0,2,60,Mobile,19
C252,Rabia Hussain,24,Female,Islamabad,2024-05-26,ORD1346,2024-07-14,Electronics,Webcam,6370,1,6370,Debit Card,No,0,5,14,Desktop,20
C252,Rabia Hussain,24,Female,Islamabad,2024-05-26,ORD1347,2024-07-04,Clothing,Jeans,598,1,598,Credit Card,No,0,1,44,Desktop,21
C252,Rabia Hussain,24,Female,Islamabad,2024-05-26,ORD1348,2024-01-21,Sports,Dumbbells,5399,1,5399,JazzCash,No,0,4,34,Mobile,22
C253,Ayesha Ahmed,51,Female,Islamabad,2024-05-25,ORD1349,2024-10-01,Beauty,Shampoo,3576,2,7152,Debit Card,No,0,2,52,Mobile,11
C253,Ayesha Ahmed,51,Female,Islamabad,2024-05-25,ORD1350,2025-02-25,Accessories,Ring,1719,1,1719,JazzCash,No,0,2,47,Mobile,12
C253,Ayesha Ahmed,51,Female,Islamabad,2024-05-25,ORD1351,2024-10-24,Toys,Puzzle Set,3260,2,5542,Credit Card,Yes,15,5,29,Mobile,13
C253,Ayesha Ahmed,51,Female,Islamabad,2024-05-25,ORD1352,2024-07-24,Accessories,Watch Strap,3871,1,3097,Debit Card,Yes,20,5,20,Tablet,14
C253,Ayesha Ahmed,51,Female,Islamabad,2024-05-25,ORD1353,2024-01-22,Accessories,Bracelet,455,3,1365,Credit Card,No,0,4,13,Mobile,15
C253,Ayesha Ahmed,51,Female,Islamabad,2024-05-25,ORD1354,2025-01-06,Toys,Action Figure,3871,3,11613,Credit Card,No,0,4,4,Desktop,16
C253,Ayesha Ahmed,51,Female,Islamabad,2024-05-25,ORD1355,2024-08-19,Health,Vitamin Tablets,3639,2,7278,EasyPaisa,No,0,4,57,Desktop,17
C253,Ayesha Ahmed,51,Female,Islamabad,2024-05-25,ORD1356,2025-05-19,Health,BP Monitor,3882,3,11646,Cash on Delivery,No,0,4,19,Desktop,18
C254,Fatima Sheikh,19,Female,Rawalpindi,2023-12-30,ORD1357,2025-05-21,Food,Tea Pack,616,3,1848,Cash on Delivery,No,0,3,15,Mobile,17
C254,Fatima Sheikh,19,Female,Rawalpindi,2023-12-30,ORD1358,2024-11-17,Food,Snack Pack,1767,4,7068,Cash on Delivery,No,0,3,31,Mobile,18
C254,Fatima Sheikh,19,Female,Rawalpindi,2023-12-30,ORD1359,2025-01-11,Health,Omega 3 Capsules,4251,2,8502,Cash on Delivery,No,0,5,50,Tablet,19
C254,Fatima Sheikh,19,Female,Rawalpindi,2023-12-30,ORD1360,2025-03-19,Beauty,Face Mask,533,3,1519,Debit Card,Yes,5,3,30,Mobile,20
C254,Fatima Sheikh,19,Female,Rawalpindi,2023-12-30,ORD1361,2025-05-10,Clothing,Polo Shirt,3787,4,15148,Credit Card,No,0,1,53,Tablet,21
C254,Fatima Sheikh,19,Female,Rawalpindi,2023-12-30,ORD1362,2024-11-10,Clothing,Polo Shirt,606,2,970,Debit Card,Yes,20,5,30,Desktop,22
C254,Fatima Sheikh,19,Female,Rawalpindi,2023-12-30,ORD1363,2024-04-23,Beauty,Perfume,933,1,933,JazzCash,No,0,2,19,Mobile,23
C255,Sobia Ali,23,Female,Quetta,2024-01-23,ORD1364,2024-05-08,Food,Spice Set,2204,4,8816,Credit Card,No,0,5,27,Mobile,18
C255,Sobia Ali,23,Female,Quetta,2024-01-23,ORD1365,2024-10-16,Sports,Running Shoes,3732,4,11942,Credit Card,Yes,20,5,56,Tablet,19
C255,Sobia Ali,23,Female,Quetta,2024-01-23,ORD1366,2024-01-26,Electronics,Laptop Stand,13514,3,36488,Credit Card,Yes,10,3,18,Mobile,20
C255,Sobia Ali,23,Female,Quetta,2024-01-23,ORD1367,2024-12-19,Food,Tea Pack,135,1,135,Credit Card,No,0,1,26,Desktop,21
C255,Sobia Ali,23,Female,Quetta,2024-01-23,ORD1368,2024-12-25,Food,Juice Box,1941,3,5823,Credit Card,No,0,5,34,Mobile,22
C255,Sobia Ali,23,Female,Quetta,2024-01-23,ORD1369,2025-05-03,Sports,Football,4453,4,17812,Cash on Delivery,No,0,3,3,Mobile,23
C255,Sobia Ali,23,Female,Quetta,2024-01-23,ORD1370,2024-11-11,Health,Mask Pack,4116,1,4116,EasyPaisa,No,0,4,42,Mobile,24
C255,Sobia Ali,23,Female,Quetta,2024-01-23,ORD1371,2024-09-09,Books,Fiction Novel,2720,3,8160,Cash on Delivery,No,0,2,56,Mobile,25
C256,Uzma Iqbal,65,Female,Hyderabad,2023-04-25,ORD1372,2025-05-27,Home & Kitchen,Lunch Box,1102,4,3526,Credit Card,Yes,20,4,45,Mobile,22
C256,Uzma Iqbal,65,Female,Hyderabad,2023-04-25,ORD1373,2025-02-14,Toys,Building Blocks,3024,2,6048,Credit Card,No,0,2,30,Mobile,23
C256,Uzma Iqbal,65,Female,Hyderabad,2023-04-25,ORD1374,2024-07-08,Electronics,Power Bank,9695,1,9695,Credit Card,No,0,1,44,Tablet,24
C256,Uzma Iqbal,65,Female,Hyderabad,2023-04-25,ORD1375,2024-05-08,Electronics,USB Cable,6844,1,6844,Credit Card,No,0,5,51,Tablet,25
C257,Sobia Hussain,40,Female,Faisalabad,2023-07-30,ORD1376,2024-09-07,Books,History Book,2645,4,10580,Cash on Delivery,No,0,1,43,Desktop,4
C257,Sobia Hussain,40,Female,Faisalabad,2023-07-30,ORD1377,2025-04-12,Sports,Football,2628,4,10512,JazzCash,No,0,1,10,Tablet,5
C257,Sobia Hussain,40,Female,Faisalabad,2023-07-30,ORD1378,2024-02-17,Electronics,Keyboard,14147,3,42441,Credit Card,No,0,1,3,Desktop,6
C257,Sobia Hussain,40,Female,Faisalabad,2023-07-30,ORD1379,2024-04-28,Health,Thermometer,3025,1,2571,Cash on Delivery,Yes,15,3,25,Desktop,7
C257,Sobia Hussain,40,Female,Faisalabad,2023-07-30,ORD1380,2025-05-17,Home & Kitchen,Blender,6906,4,23480,JazzCash,Yes,15,4,22,Mobile,8
C257,Sobia Hussain,40,Female,Faisalabad,2023-07-30,ORD1381,2024-04-21,Toys,Stuffed Toy,2075,1,1764,Debit Card,Yes,15,4,40,Tablet,9
C258,Sana Raza,63,Female,Karachi,2023-02-05,ORD1382,2025-01-28,Toys,Play Dough,3267,4,10454,EasyPaisa,Yes,20,3,53,Desktop,22
C258,Sana Raza,63,Female,Karachi,2023-02-05,ORD1383,2024-11-30,Food,Spice Set,2865,3,7306,Cash on Delivery,Yes,15,3,50,Tablet,23
C258,Sana Raza,63,Female,Karachi,2023-02-05,ORD1384,2024-09-07,Home & Kitchen,Tea Set,6019,4,24076,EasyPaisa,No,0,5,24,Desktop,24
C258,Sana Raza,63,Female,Karachi,2023-02-05,ORD1385,2025-05-15,Clothing,Trouser,2859,1,2859,Cash on Delivery,No,0,3,14,Tablet,25
C258,Sana Raza,63,Female,Karachi,2023-02-05,ORD1386,2024-03-19,Sports,Football,6301,1,6301,Debit Card,No,0,4,59,Desktop,26
C258,Sana Raza,63,Female,Karachi,2023-02-05,ORD1387,2024-11-13,Books,History Book,862,1,862,Credit Card,No,0,1,27,Tablet,27
C258,Sana Raza,63,Female,Karachi,2023-02-05,ORD1388,2024-04-15,Electronics,Webcam,13989,1,13989,EasyPaisa,No,0,1,17,Desktop,28
C258,Sana Raza,63,Female,Karachi,2023-02-05,ORD1389,2024-02-21,Sports,Football,6534,3,19602,EasyPaisa,No,0,2,56,Tablet,29
C259,Tariq Raza,34,Male,Faisalabad,2023-08-18,ORD1390,2025-02-23,Toys,Board Game,4539,1,4539,JazzCash,No,0,1,59,Mobile,12
C259,Tariq Raza,34,Male,Faisalabad,2023-08-18,ORD1391,2025-01-20,Clothing,Trouser,2287,4,9148,Cash on Delivery,No,0,1,48,Mobile,13
C259,Tariq Raza,34,Male,Faisalabad,2023-08-18,ORD1392,2025-03-22,Home & Kitchen,Lunch Box,3878,1,3684,JazzCash,Yes,5,4,27,Mobile,14
C259,Tariq Raza,34,Male,Faisalabad,2023-08-18,ORD1393,2025-01-30,Books,Business Book,2790,2,5580,EasyPaisa,No,0,3,36,Mobile,15
C259,Tariq Raza,34,Male,Faisalabad,2023-08-18,ORD1394,2024-06-20,Clothing,Formal Shirt,3878,4,15512,Cash on Delivery,No,0,4,27,Mobile,16
C259,Tariq Raza,34,Male,Faisalabad,2023-08-18,ORD1395,2024-04-19,Books,Business Book,1854,3,4450,EasyPaisa,Yes,20,4,23,Desktop,17
C260,Sobia Hashmi,49,Female,Hyderabad,2023-12-14,ORD1396,2024-09-12,Accessories,Wallet,3152,2,5043,Credit Card,Yes,20,5,9,Desktop,17
C260,Sobia Hashmi,49,Female,Hyderabad,2023-12-14,ORD1397,2025-01-11,Health,Hand Sanitizer,1354,1,1083,JazzCash,Yes,20,4,57,Desktop,18
C260,Sobia Hashmi,49,Female,Hyderabad,2023-12-14,ORD1398,2024-03-25,Toys,Building Blocks,2514,3,7542,Cash on Delivery,No,0,2,15,Mobile,19
C260,Sobia Hashmi,49,Female,Hyderabad,2023-12-14,ORD1399,2025-02-15,Electronics,Power Bank,10040,3,30120,Debit Card,No,0,3,5,Mobile,20
C260,Sobia Hashmi,49,Female,Hyderabad,2023-12-14,ORD1400,2024-02-16,Clothing,Sweater,1483,2,2669,Debit Card,Yes,10,5,2,Mobile,21
C260,Sobia Hashmi,49,Female,Hyderabad,2023-12-14,ORD1401,2024-07-27,Accessories,Ring,2815,1,2534,Cash on Delivery,Yes,10,4,2,Tablet,22
C261,Shahid Hussain,36,Male,Faisalabad,2023-10-11,ORD1402,2025-02-09,Toys,Building Blocks,4936,1,4936,Cash on Delivery,No,0,3,29,Mobile,11
C261,Shahid Hussain,36,Male,Faisalabad,2023-10-11,ORD1403,2024-09-11,Clothing,Shorts,2346,2,4692,Cash on Delivery,No,0,2,16,Desktop,12
C261,Shahid Hussain,36,Male,Faisalabad,2023-10-11,ORD1404,2024-07-05,Home & Kitchen,Blender,3466,4,13864,Debit Card,No,0,3,46,Mobile,13
C261,Shahid Hussain,36,Male,Faisalabad,2023-10-11,ORD1405,2025-02-17,Accessories,Belt,2452,3,7356,Debit Card,No,0,4,2,Desktop,14
C261,Shahid Hussain,36,Male,Faisalabad,2023-10-11,ORD1406,2024-04-13,Health,Thermometer,3451,2,6902,Debit Card,No,0,2,50,Mobile,15
C261,Shahid Hussain,36,Male,Faisalabad,2023-10-11,ORD1407,2024-10-30,Toys,Building Blocks,1572,2,2830,Cash on Delivery,Yes,10,5,38,Mobile,16
C261,Shahid Hussain,36,Male,Faisalabad,2023-10-11,ORD1408,2024-08-07,Health,Thermometer,429,3,1287,Cash on Delivery,No,0,3,18,Tablet,17
C262,Junaid Chaudhry,49,Male,Karachi,2023-12-26,ORD1409,2025-03-02,Food,Chocolate Box,1905,3,4572,Debit Card,Yes,20,2,28,Tablet,5
C262,Junaid Chaudhry,49,Male,Karachi,2023-12-26,ORD1410,2024-01-24,Health,Thermometer,2135,2,4270,Cash on Delivery,No,0,4,37,Mobile,6
C262,Junaid Chaudhry,49,Male,Karachi,2023-12-26,ORD1411,2024-04-23,Home & Kitchen,Tea Set,2775,1,2636,Debit Card,Yes,5,3,20,Mobile,7
C262,Junaid Chaudhry,49,Male,Karachi,2023-12-26,ORD1412,2025-02-17,Food,Rice Bag,2867,2,4874,Credit Card,Yes,15,4,42,Mobile,8
C262,Junaid Chaudhry,49,Male,Karachi,2023-12-26,ORD1413,2024-10-25,Books,Fiction Novel,2264,2,4528,EasyPaisa,No,0,3,23,Tablet,9
C262,Junaid Chaudhry,49,Male,Karachi,2023-12-26,ORD1414,2024-09-24,Electronics,Webcam,11593,2,23186,Debit Card,No,0,4,16,Mobile,10
C262,Junaid Chaudhry,49,Male,Karachi,2023-12-26,ORD1415,2024-12-27,Accessories,Ring,620,1,496,Debit Card,Yes,20,2,48,Tablet,11
C263,Kamran Dar,55,Male,Hyderabad,2023-10-13,ORD1416,2025-04-23,Clothing,Sweater,846,2,1692,EasyPaisa,No,0,5,15,Tablet,22
C263,Kamran Dar,55,Male,Hyderabad,2023-10-13,ORD1417,2024-10-09,Sports,Running Shoes,3365,4,11441,Cash on Delivery,Yes,15,2,31,Desktop,23
C263,Kamran Dar,55,Male,Hyderabad,2023-10-13,ORD1418,2024-02-29,Electronics,Wireless Earbuds,857,3,2571,Credit Card,No,0,1,23,Mobile,24
C264,Fatima Mirza,24,Female,Sialkot,2024-05-19,ORD1419,2024-09-12,Accessories,Keychain,1256,3,3768,EasyPaisa,No,0,4,6,Mobile,22
C264,Fatima Mirza,24,Female,Sialkot,2024-05-19,ORD1420,2024-05-01,Clothing,T-Shirt,4011,2,6418,EasyPaisa,Yes,20,3,59,Tablet,23
C264,Fatima Mirza,24,Female,Sialkot,2024-05-19,ORD1421,2025-01-28,Beauty,Lip Balm,861,3,2583,EasyPaisa,No,0,4,32,Mobile,24
C264,Fatima Mirza,24,Female,Sialkot,2024-05-19,ORD1422,2025-02-11,Health,Protein Powder,3916,1,3916,Cash on Delivery,No,0,5,50,Tablet,25
C264,Fatima Mirza,24,Female,Sialkot,2024-05-19,ORD1423,2024-05-12,Sports,Running Shoes,6130,3,16551,Debit Card,Yes,10,4,39,Mobile,26
C264,Fatima Mirza,24,Female,Sialkot,2024-05-19,ORD1424,2024-12-13,Clothing,T-Shirt,3420,4,13680,EasyPaisa,No,0,2,21,Tablet,27
C265,Fatima Shah,18,Female,Islamabad,2023-07-27,ORD1425,2024-05-25,Food,Honey Jar,2407,1,2166,JazzCash,Yes,10,4,38,Mobile,27
C265,Fatima Shah,18,Female,Islamabad,2023-07-27,ORD1426,2025-02-20,Health,Pain Relief Gel,3527,4,14108,Debit Card,No,0,1,13,Mobile,28
C265,Fatima Shah,18,Female,Islamabad,2023-07-27,ORD1427,2024-12-22,Sports,Cricket Ball,4628,4,18512,Debit Card,No,0,4,32,Mobile,29
C265,Fatima Shah,18,Female,Islamabad,2023-07-27,ORD1428,2024-09-02,Books,Python Programming,311,4,1244,EasyPaisa,No,0,2,32,Tablet,30
C265,Fatima Shah,18,Female,Islamabad,2023-07-27,ORD1429,2024-07-28,Home & Kitchen,Cooking Pan,3299,2,6598,Debit Card,No,0,2,16,Mobile,31
C265,Fatima Shah,18,Female,Islamabad,2023-07-27,ORD1430,2024-10-29,Beauty,Shampoo,3698,1,3698,JazzCash,No,0,3,44,Tablet,32
C266,Rabia Abbasi,59,Female,Islamabad,2023-08-27,ORD1431,2025-02-15,Beauty,Face Wash,1537,3,4150,EasyPaisa,Yes,10,4,30,Desktop,9
C266,Rabia Abbasi,59,Female,Islamabad,2023-08-27,ORD1432,2025-01-13,Health,First Aid Kit,4538,4,14522,Debit Card,Yes,20,3,13,Desktop,10
C266,Rabia Abbasi,59,Female,Islamabad,2023-08-27,ORD1433,2024-02-16,Food,Juice Box,2216,3,6648,EasyPaisa,No,0,1,10,Desktop,11
C266,Rabia Abbasi,59,Female,Islamabad,2023-08-27,ORD1434,2024-10-09,Books,Math Textbook,1831,2,3662,EasyPaisa,No,0,4,23,Mobile,12
C266,Rabia Abbasi,59,Female,Islamabad,2023-08-27,ORD1435,2025-04-21,Electronics,Phone Case,11284,2,22568,Debit Card,No,0,1,37,Desktop,13
C266,Rabia Abbasi,59,Female,Islamabad,2023-08-27,ORD1436,2024-03-26,Toys,Doll,1478,2,2956,Debit Card,No,0,1,38,Mobile,14
C267,Fatima Chaudhry,40,Female,Quetta,2024-06-04,ORD1437,2024-02-24,Electronics,Webcam,1637,1,1637,EasyPaisa,No,0,5,25,Mobile,30
C267,Fatima Chaudhry,40,Female,Quetta,2024-06-04,ORD1438,2025-01-27,Sports,Yoga Mat,434,2,781,EasyPaisa,Yes,10,3,12,Desktop,31
C267,Fatima Chaudhry,40,Female,Quetta,2024-06-04,ORD1439,2024-06-23,Toys,Building Blocks,1197,1,1197,Debit Card,No,0,3,7,Mobile,32
C267,Fatima Chaudhry,40,Female,Quetta,2024-06-04,ORD1440,2025-03-07,Beauty,Lip Balm,2463,1,2463,EasyPaisa,No,0,3,3,Tablet,33
C267,Fatima Chaudhry,40,Female,Quetta,2024-06-04,ORD1441,2025-01-19,Toys,Doll,2308,2,4154,Debit Card,Yes,10,2,27,Desktop,34
C267,Fatima Chaudhry,40,Female,Quetta,2024-06-04,ORD1442,2024-04-05,Books,Math Textbook,1442,2,2884,JazzCash,No,0,4,25,Desktop,35
C268,Usman Iqbal,64,Male,Lahore,2023-10-31,ORD1443,2025-02-05,Electronics,Smart Watch,14203,4,56812,JazzCash,No,0,3,53,Mobile,22
C268,Usman Iqbal,64,Male,Lahore,2023-10-31,ORD1444,2025-03-08,Toys,Board Game,482,4,1735,JazzCash,Yes,10,2,27,Mobile,23
C268,Usman Iqbal,64,Male,Lahore,2023-10-31,ORD1445,2024-08-25,Sports,Football,2535,1,2535,Credit Card,No,0,4,38,Mobile,24
C268,Usman Iqbal,64,Male,Lahore,2023-10-31,ORD1446,2024-08-19,Home & Kitchen,Mug Set,5266,1,4739,Cash on Delivery,Yes,10,4,48,Mobile,25
C268,Usman Iqbal,64,Male,Lahore,2023-10-31,ORD1447,2024-11-28,Electronics,Phone Case,14039,3,42117,EasyPaisa,No,0,5,56,Desktop,26
C268,Usman Iqbal,64,Male,Lahore,2023-10-31,ORD1448,2024-05-30,Electronics,Phone Case,3065,1,3065,Debit Card,No,0,4,26,Desktop,27
C268,Usman Iqbal,64,Male,Lahore,2023-10-31,ORD1449,2024-03-09,Toys,Doll,1900,3,4845,Debit Card,Yes,15,4,51,Desktop,28
C269,Zara Dar,41,Female,Multan,2023-05-18,ORD1450,2024-01-19,Sports,Football,3316,2,6632,JazzCash,No,0,2,60,Desktop,1
C269,Zara Dar,41,Female,Multan,2023-05-18,ORD1451,2025-02-04,Toys,Doll,480,1,480,Credit Card,No,0,5,46,Tablet,2
C269,Zara Dar,41,Female,Multan,2023-05-18,ORD1452,2024-08-01,Toys,Card Game,3751,4,15004,JazzCash,No,0,5,22,Tablet,3
C269,Zara Dar,41,Female,Multan,2023-05-18,ORD1453,2025-03-11,Accessories,Cap,3461,2,6230,EasyPaisa,Yes,10,3,36,Tablet,4
C269,Zara Dar,41,Female,Multan,2023-05-18,ORD1454,2025-04-09,Beauty,Hair Oil,3405,4,12258,JazzCash,Yes,10,4,5,Tablet,5
C269,Zara Dar,41,Female,Multan,2023-05-18,ORD1455,2024-01-04,Beauty,Sunscreen,1729,1,1729,Cash on Delivery,No,0,2,2,Desktop,6
C270,Junaid Sheikh,52,Male,Faisalabad,2024-03-14,ORD1456,2025-04-08,Accessories,Belt,3906,4,15624,Credit Card,No,0,3,57,Desktop,24
C270,Junaid Sheikh,52,Male,Faisalabad,2024-03-14,ORD1457,2024-09-29,Sports,Skipping Rope,4388,1,4388,Credit Card,No,0,3,7,Mobile,25
C270,Junaid Sheikh,52,Male,Faisalabad,2024-03-14,ORD1458,2024-07-05,Accessories,Backpack,2790,3,8370,JazzCash,No,0,5,54,Desktop,26
C270,Junaid Sheikh,52,Male,Faisalabad,2024-03-14,ORD1459,2025-01-08,Electronics,Keyboard,5684,1,5116,Debit Card,Yes,10,4,37,Mobile,27
C270,Junaid Sheikh,52,Male,Faisalabad,2024-03-14,ORD1460,2024-11-17,Electronics,Laptop Stand,12538,3,37614,EasyPaisa,No,0,1,32,Tablet,28
C270,Junaid Sheikh,52,Male,Faisalabad,2024-03-14,ORD1461,2025-01-21,Books,Islamic Studies,1215,1,1215,JazzCash,No,0,4,56,Tablet,29
C270,Junaid Sheikh,52,Male,Faisalabad,2024-03-14,ORD1462,2024-03-05,Clothing,T-Shirt,3767,3,11301,Cash on Delivery,No,0,5,8,Desktop,30
C271,Fahad Mirza,20,Male,Hyderabad,2024-05-12,ORD1463,2025-04-07,Food,Dry Fruits Pack,223,4,892,EasyPaisa,No,0,1,22,Tablet,23
C271,Fahad Mirza,20,Male,Hyderabad,2024-05-12,ORD1464,2024-11-29,Sports,Yoga Mat,3216,1,2573,Cash on Delivery,Yes,20,2,6,Mobile,24
C271,Fahad Mirza,20,Male,Hyderabad,2024-05-12,ORD1465,2025-02-27,Clothing,Jacket,3798,4,15192,Cash on Delivery,No,0,4,59,Desktop,25
C271,Fahad Mirza,20,Male,Hyderabad,2024-05-12,ORD1466,2024-09-13,Food,Rice Bag,1292,3,3876,Cash on Delivery,No,0,4,23,Tablet,26
C271,Fahad Mirza,20,Male,Hyderabad,2024-05-12,ORD1467,2024-11-11,Books,Science Book,1190,4,4760,Cash on Delivery,No,0,2,60,Mobile,27
C271,Fahad Mirza,20,Male,Hyderabad,2024-05-12,ORD1468,2024-09-24,Food,Coffee Beans,772,4,3088,Credit Card,No,0,2,18,Tablet,28
C271,Fahad Mirza,20,Male,Hyderabad,2024-05-12,ORD1469,2024-08-10,Sports,Sports Bag,3634,3,10902,JazzCash,No,0,2,15,Mobile,29
C271,Fahad Mirza,20,Male,Hyderabad,2024-05-12,ORD1470,2024-11-01,Home & Kitchen,Mug Set,2803,4,11212,EasyPaisa,No,0,5,28,Desktop,30
C272,Hamza Qureshi,37,Male,Quetta,2023-06-30,ORD1471,2024-06-11,Books,History Book,732,3,1757,Cash on Delivery,Yes,20,4,26,Mobile,14
C272,Hamza Qureshi,37,Male,Quetta,2023-06-30,ORD1472,2024-12-19,Health,Thermometer,695,1,695,Debit Card,No,0,4,10,Tablet,15
C272,Hamza Qureshi,37,Male,Quetta,2023-06-30,ORD1473,2024-09-10,Sports,Football,745,3,2235,Debit Card,No,0,5,49,Mobile,16
C273,Saad Raza,31,Male,Lahore,2023-07-23,ORD1474,2024-08-31,Electronics,USB Cable,8696,1,8696,EasyPaisa,No,0,4,41,Mobile,16
C273,Saad Raza,31,Male,Lahore,2023-07-23,ORD1475,2024-11-08,Food,Tea Pack,687,1,550,Debit Card,Yes,20,4,34,Tablet,17
C273,Saad Raza,31,Male,Lahore,2023-07-23,ORD1476,2024-07-19,Home & Kitchen,Cooking Pan,1636,4,6544,EasyPaisa,No,0,1,42,Desktop,18
C273,Saad Raza,31,Male,Lahore,2023-07-23,ORD1477,2024-09-03,Sports,Sports Bag,1142,3,3426,JazzCash,No,0,5,57,Mobile,19
C273,Saad Raza,31,Male,Lahore,2023-07-23,ORD1478,2024-12-08,Accessories,Belt,1030,2,2060,Credit Card,No,0,1,18,Tablet,20
C273,Saad Raza,31,Male,Lahore,2023-07-23,ORD1479,2024-08-29,Home & Kitchen,Lunch Box,5392,3,16176,Credit Card,No,0,5,34,Mobile,21
C273,Saad Raza,31,Male,Lahore,2023-07-23,ORD1480,2025-03-13,Beauty,Body Lotion,3537,4,14148,Debit Card,No,0,2,34,Tablet,22
C274,Raza Hashmi,56,Male,Multan,2023-09-18,ORD1481,2024-01-10,Home & Kitchen,Cooking Pan,1419,4,5108,EasyPaisa,Yes,10,4,18,Tablet,7
C274,Raza Hashmi,56,Male,Multan,2023-09-18,ORD1482,2024-01-23,Home & Kitchen,Cutting Board,3165,1,3165,EasyPaisa,No,0,1,24,Desktop,8
C274,Raza Hashmi,56,Male,Multan,2023-09-18,ORD1483,2025-03-02,Toys,Doll,545,4,1962,Debit Card,Yes,10,4,3,Mobile,9
C275,Faisal Butt,59,Male,Multan,2024-05-30,ORD1484,2025-04-19,Clothing,Shorts,2288,2,3890,Debit Card,Yes,15,2,42,Desktop,11
C275,Faisal Butt,59,Male,Multan,2024-05-30,ORD1485,2025-03-02,Home & Kitchen,Cooking Pan,813,1,813,JazzCash,No,0,4,56,Desktop,12
C275,Faisal Butt,59,Male,Multan,2024-05-30,ORD1486,2024-05-25,Accessories,Backpack,750,4,2550,Debit Card,Yes,15,2,32,Tablet,13
C275,Faisal Butt,59,Male,Multan,2024-05-30,ORD1487,2024-07-25,Toys,Action Figure,4864,1,4864,Cash on Delivery,No,0,3,48,Mobile,14
C275,Faisal Butt,59,Male,Multan,2024-05-30,ORD1488,2024-10-01,Electronics,Laptop Stand,7031,4,28124,EasyPaisa,No,0,3,58,Tablet,15
C275,Faisal Butt,59,Male,Multan,2024-05-30,ORD1489,2024-01-14,Food,Rice Bag,435,4,1740,Debit Card,No,0,1,55,Mobile,16
C276,Bilal Hashmi,50,Male,Hyderabad,2023-11-17,ORD1490,2025-04-11,Food,Honey Jar,2983,4,10739,Debit Card,Yes,10,3,30,Mobile,28
C276,Bilal Hashmi,50,Male,Hyderabad,2023-11-17,ORD1491,2024-04-06,Sports,Sports Bottle,1532,2,2451,EasyPaisa,Yes,20,4,7,Desktop,29
C276,Bilal Hashmi,50,Male,Hyderabad,2023-11-17,ORD1492,2024-05-19,Toys,Action Figure,349,1,349,Debit Card,No,0,1,60,Desktop,30
C276,Bilal Hashmi,50,Male,Hyderabad,2023-11-17,ORD1493,2024-12-26,Toys,Remote Car,476,3,1428,EasyPaisa,No,0,1,45,Tablet,31
C276,Bilal Hashmi,50,Male,Hyderabad,2023-11-17,ORD1494,2024-07-21,Accessories,Scarf,2416,2,4832,JazzCash,No,0,2,41,Mobile,32
C276,Bilal Hashmi,50,Male,Hyderabad,2023-11-17,ORD1495,2025-03-31,Home & Kitchen,Knife Set,5854,3,16684,Credit Card,Yes,5,2,37,Tablet,33
C276,Bilal Hashmi,50,Male,Hyderabad,2023-11-17,ORD1496,2024-08-01,Clothing,Polo Shirt,4913,2,8843,Cash on Delivery,Yes,10,4,32,Desktop,34
C276,Bilal Hashmi,50,Male,Hyderabad,2023-11-17,ORD1497,2024-07-22,Toys,Building Blocks,1386,4,5544,EasyPaisa,No,0,5,52,Desktop,35
C277,Noor Ali,33,Female,Lahore,2023-05-01,ORD1498,2024-11-04,Electronics,Wireless Earbuds,6535,3,18625,Debit Card,Yes,5,5,38,Tablet,8
C277,Noor Ali,33,Female,Lahore,2023-05-01,ORD1499,2024-04-21,Clothing,Hoodie,4924,2,9848,EasyPaisa,No,0,5,58,Tablet,9
C277,Noor Ali,33,Female,Lahore,2023-05-01,ORD1500,2025-01-17,Toys,Card Game,3306,1,3141,Debit Card,Yes,5,4,9,Desktop,10
C277,Noor Ali,33,Female,Lahore,2023-05-01,ORD1501,2024-09-02,Health,First Aid Kit,2179,2,4140,Credit Card,Yes,5,2,7,Mobile,11
C277,Noor Ali,33,Female,Lahore,2023-05-01,ORD1502,2024-11-23,Electronics,Wireless Earbuds,13718,1,13718,Cash on Delivery,No,0,3,35,Tablet,12
C278,Nadeem Qureshi,50,Male,Peshawar,2024-03-19,ORD1503,2024-06-06,Health,BP Monitor,4281,3,12843,Credit Card,No,0,5,12,Tablet,12
C278,Nadeem Qureshi,50,Male,Peshawar,2024-03-19,ORD1504,2024-06-22,Beauty,Perfume,3488,4,13952,JazzCash,No,0,2,35,Tablet,13
C278,Nadeem Qureshi,50,Male,Peshawar,2024-03-19,ORD1505,2024-03-18,Books,Business Book,2384,3,7152,Credit Card,No,0,4,45,Mobile,14
C278,Nadeem Qureshi,50,Male,Peshawar,2024-03-19,ORD1506,2025-02-24,Food,Snack Pack,480,3,1224,Debit Card,Yes,15,4,38,Tablet,15
C278,Nadeem Qureshi,50,Male,Peshawar,2024-03-19,ORD1507,2024-09-07,Accessories,Sunglasses,204,3,612,Cash on Delivery,No,0,3,49,Tablet,16
C278,Nadeem Qureshi,50,Male,Peshawar,2024-03-19,ORD1508,2024-09-08,Home & Kitchen,Cooking Pan,3358,4,13432,Credit Card,No,0,3,49,Desktop,17
C278,Nadeem Qureshi,50,Male,Peshawar,2024-03-19,ORD1509,2024-01-31,Electronics,USB Cable,5251,3,14178,Cash on Delivery,Yes,10,2,27,Mobile,18
C278,Nadeem Qureshi,50,Male,Peshawar,2024-03-19,ORD1510,2024-09-06,Health,Omega 3 Capsules,1459,4,5836,EasyPaisa,No,0,3,30,Desktop,19
C279,Naila Mirza,54,Female,Quetta,2023-11-05,ORD1511,2024-05-02,Food,Biscuit Pack,2840,3,8520,JazzCash,No,0,3,49,Mobile,14
C279,Naila Mirza,54,Female,Quetta,2023-11-05,ORD1512,2024-02-29,Sports,Dumbbells,2536,4,10144,EasyPaisa,No,0,4,55,Tablet,15
C279,Naila Mirza,54,Female,Quetta,2023-11-05,ORD1513,2024-03-19,Sports,Cricket Ball,4003,1,3603,Credit Card,Yes,10,2,10,Tablet,16
C279,Naila Mirza,54,Female,Quetta,2023-11-05,ORD1514,2024-08-02,Books,Science Book,669,4,2676,Debit Card,No,0,5,38,Tablet,17
C279,Naila Mirza,54,Female,Quetta,2023-11-05,ORD1515,2024-01-23,Books,Data Science Guide,1212,4,4848,Credit Card,No,0,3,6,Tablet,18
C279,Naila Mirza,54,Female,Quetta,2023-11-05,ORD1516,2024-06-23,Accessories,Watch Strap,2536,2,4311,JazzCash,Yes,15,2,29,Tablet,19
C279,Naila Mirza,54,Female,Quetta,2023-11-05,ORD1517,2025-02-17,Beauty,Moisturizer,648,1,583,Debit Card,Yes,10,5,49,Desktop,20
C279,Naila Mirza,54,Female,Quetta,2023-11-05,ORD1518,2024-05-31,Sports,Badminton Racket,3543,4,13463,Cash on Delivery,Yes,5,5,6,Mobile,21
C280,Maryam Dar,45,Female,Peshawar,2023-07-30,ORD1519,2024-11-29,Clothing,Polo Shirt,1336,3,3808,Cash on Delivery,Yes,5,4,26,Tablet,10
C280,Maryam Dar,45,Female,Peshawar,2023-07-30,ORD1520,2024-02-27,Electronics,Webcam,8455,1,8455,Debit Card,No,0,1,60,Mobile,11
C280,Maryam Dar,45,Female,Peshawar,2023-07-30,ORD1521,2024-12-29,Home & Kitchen,Plate Set,5001,1,5001,EasyPaisa,No,0,3,29,Mobile,12
C280,Maryam Dar,45,Female,Peshawar,2023-07-30,ORD1522,2024-05-10,Beauty,Shampoo,2872,2,5744,JazzCash,No,0,1,17,Tablet,13
C280,Maryam Dar,45,Female,Peshawar,2023-07-30,ORD1523,2025-05-24,Books,Fiction Novel,2391,1,2391,Credit Card,No,0,2,53,Desktop,14
C280,Maryam Dar,45,Female,Peshawar,2023-07-30,ORD1524,2025-02-26,Health,Protein Powder,2636,4,9490,Cash on Delivery,Yes,10,3,11,Desktop,15
C281,Iqra Raza,30,Female,Sialkot,2023-09-10,ORD1525,2024-10-10,Toys,Board Game,3243,2,5189,Debit Card,Yes,20,2,33,Mobile,3
C281,Iqra Raza,30,Female,Sialkot,2023-09-10,ORD1526,2024-03-12,Health,Vitamin Tablets,1793,4,7172,Cash on Delivery,No,0,5,17,Mobile,4
C281,Iqra Raza,30,Female,Sialkot,2023-09-10,ORD1527,2025-03-30,Clothing,Trouser,3895,2,7790,EasyPaisa,No,0,4,56,Desktop,5
C281,Iqra Raza,30,Female,Sialkot,2023-09-10,ORD1528,2024-01-27,Sports,Skipping Rope,4991,1,4991,Debit Card,No,0,1,13,Desktop,6
C281,Iqra Raza,30,Female,Sialkot,2023-09-10,ORD1529,2024-05-15,Clothing,Kurta,1470,4,4704,Credit Card,Yes,20,3,25,Tablet,7
C281,Iqra Raza,30,Female,Sialkot,2023-09-10,ORD1530,2024-09-05,Books,Data Science Guide,1292,3,3876,JazzCash,No,0,4,37,Mobile,8
C282,Tariq Aslam,34,Male,Peshawar,2024-01-17,ORD1531,2024-01-04,Toys,Puzzle Set,3006,1,2405,EasyPaisa,Yes,20,4,50,Tablet,17
C282,Tariq Aslam,34,Male,Peshawar,2024-01-17,ORD1532,2025-04-02,Sports,Sports Bag,1976,1,1976,JazzCash,No,0,5,15,Mobile,18
C282,Tariq Aslam,34,Male,Peshawar,2024-01-17,ORD1533,2024-02-27,Health,Omega 3 Capsules,4251,3,12753,JazzCash,No,0,4,56,Desktop,19
C282,Tariq Aslam,34,Male,Peshawar,2024-01-17,ORD1534,2024-06-24,Electronics,USB Cable,9350,3,22440,Cash on Delivery,Yes,20,5,12,Tablet,20
C282,Tariq Aslam,34,Male,Peshawar,2024-01-17,ORD1535,2025-03-02,Books,Python Programming,2961,3,7995,Cash on Delivery,Yes,10,3,32,Desktop,21
C282,Tariq Aslam,34,Male,Peshawar,2024-01-17,ORD1536,2024-11-26,Beauty,Body Lotion,3316,3,9948,EasyPaisa,No,0,1,21,Tablet,22
C282,Tariq Aslam,34,Male,Peshawar,2024-01-17,ORD1537,2025-03-28,Beauty,Perfume,1650,1,1650,Cash on Delivery,No,0,4,58,Mobile,23
C282,Tariq Aslam,34,Male,Peshawar,2024-01-17,ORD1538,2025-01-27,Toys,Remote Car,2233,2,4243,JazzCash,Yes,5,2,17,Desktop,24
C283,Asad Javed,27,Male,Hyderabad,2024-06-01,ORD1539,2024-10-11,Health,Omega 3 Capsules,4420,4,16796,EasyPaisa,Yes,5,3,13,Mobile,28
C283,Asad Javed,27,Male,Hyderabad,2024-06-01,ORD1540,2024-10-31,Food,Rice Bag,252,2,504,Debit Card,No,0,4,10,Desktop,29
C283,Asad Javed,27,Male,Hyderabad,2024-06-01,ORD1541,2024-06-20,Sports,Gym Gloves,6072,3,17305,Debit Card,Yes,5,4,59,Mobile,30
C283,Asad Javed,27,Male,Hyderabad,2024-06-01,ORD1542,2024-05-08,Electronics,Webcam,2305,4,9220,Cash on Delivery,No,0,2,50,Mobile,31
C283,Asad Javed,27,Male,Hyderabad,2024-06-01,ORD1543,2024-01-29,Books,Python Programming,773,1,773,Debit Card,No,0,2,25,Mobile,32
C283,Asad Javed,27,Male,Hyderabad,2024-06-01,ORD1544,2024-10-03,Health,Protein Powder,3760,1,3760,Credit Card,No,0,4,49,Desktop,33
C283,Asad Javed,27,Male,Hyderabad,2024-06-01,ORD1545,2025-03-13,Sports,Skipping Rope,4221,4,15196,EasyPaisa,Yes,10,2,46,Mobile,34
C284,Tahira Aslam,61,Female,Multan,2023-06-07,ORD1546,2024-08-22,Beauty,Hair Oil,2242,4,7623,JazzCash,Yes,15,4,35,Desktop,6
C284,Tahira Aslam,61,Female,Multan,2023-06-07,ORD1547,2024-07-13,Food,Chocolate Box,2348,3,6692,Cash on Delivery,Yes,5,4,29,Tablet,7
C284,Tahira Aslam,61,Female,Multan,2023-06-07,ORD1548,2024-09-03,Food,Juice Box,2600,4,9880,JazzCash,Yes,5,4,20,Desktop,8
C284,Tahira Aslam,61,Female,Multan,2023-06-07,ORD1549,2025-01-29,Accessories,Wallet,887,4,3548,Credit Card,No,0,5,15,Desktop,9
C284,Tahira Aslam,61,Female,Multan,2023-06-07,ORD1550,2024-08-19,Home & Kitchen,Storage Container,4256,2,8512,Debit Card,No,0,2,12,Desktop,10
C284,Tahira Aslam,61,Female,Multan,2023-06-07,ORD1551,2025-04-26,Clothing,Kurta,4996,3,14239,JazzCash,Yes,5,4,32,Mobile,11
C284,Tahira Aslam,61,Female,Multan,2023-06-07,ORD1552,2024-05-22,Food,Tea Pack,2683,4,10732,Debit Card,No,0,4,51,Desktop,12
C284,Tahira Aslam,61,Female,Multan,2023-06-07,ORD1553,2024-01-03,Books,Self Help Book,510,1,485,Cash on Delivery,Yes,5,2,25,Tablet,13
C285,Saad Ahmed,57,Male,Sialkot,2023-02-26,ORD1554,2024-05-31,Beauty,Sunscreen,3076,4,12304,EasyPaisa,No,0,5,11,Mobile,25
C285,Saad Ahmed,57,Male,Sialkot,2023-02-26,ORD1555,2024-05-03,Sports,Dumbbells,6118,3,16519,JazzCash,Yes,10,5,13,Mobile,26
C285,Saad Ahmed,57,Male,Sialkot,2023-02-26,ORD1556,2024-07-11,Home & Kitchen,Blender,5468,2,8749,Credit Card,Yes,20,3,46,Tablet,27
C285,Saad Ahmed,57,Male,Sialkot,2023-02-26,ORD1557,2025-04-01,Food,Coffee Beans,830,1,664,Cash on Delivery,Yes,20,3,56,Desktop,28
C285,Saad Ahmed,57,Male,Sialkot,2023-02-26,ORD1558,2025-04-12,Books,Science Book,2093,2,3349,EasyPaisa,Yes,20,4,13,Mobile,29
C285,Saad Ahmed,57,Male,Sialkot,2023-02-26,ORD1559,2024-09-18,Home & Kitchen,Storage Container,5185,1,4926,Credit Card,Yes,5,3,8,Mobile,30
C286,Tariq Chaudhry,54,Male,Rawalpindi,2023-10-05,ORD1560,2024-09-29,Toys,Doll,442,1,442,Cash on Delivery,No,0,4,5,Mobile,1
C286,Tariq Chaudhry,54,Male,Rawalpindi,2023-10-05,ORD1561,2024-07-10,Food,Rice Bag,828,1,787,EasyPaisa,Yes,5,3,38,Tablet,2
C286,Tariq Chaudhry,54,Male,Rawalpindi,2023-10-05,ORD1562,2024-03-10,Toys,Play Dough,930,3,2790,JazzCash,No,0,2,16,Desktop,3
C286,Tariq Chaudhry,54,Male,Rawalpindi,2023-10-05,ORD1563,2024-12-31,Health,Hand Sanitizer,3419,4,13676,JazzCash,No,0,1,26,Tablet,4
C286,Tariq Chaudhry,54,Male,Rawalpindi,2023-10-05,ORD1564,2025-03-25,Electronics,Mouse,2584,2,5168,JazzCash,No,0,3,21,Desktop,5
C287,Imran Mirza,57,Male,Sialkot,2023-01-13,ORD1565,2024-06-10,Beauty,Face Mask,1015,3,2588,Credit Card,Yes,15,3,4,Desktop,1
C287,Imran Mirza,57,Male,Sialkot,2023-01-13,ORD1566,2024-05-03,Accessories,Scarf,570,4,2280,EasyPaisa,No,0,3,56,Desktop,2
C287,Imran Mirza,57,Male,Sialkot,2023-01-13,ORD1567,2024-04-29,Accessories,Scarf,1220,2,2440,Debit Card,No,0,1,44,Tablet,3
C288,Kiran Abbasi,24,Female,Lahore,2023-10-26,ORD1568,2024-01-18,Books,Self Help Book,2874,4,11496,Cash on Delivery,No,0,1,28,Desktop,12
C288,Kiran Abbasi,24,Female,Lahore,2023-10-26,ORD1569,2024-09-09,Accessories,Keychain,3764,1,3764,Credit Card,No,0,1,17,Mobile,13
C288,Kiran Abbasi,24,Female,Lahore,2023-10-26,ORD1570,2025-01-06,Accessories,Belt,715,3,2145,Cash on Delivery,No,0,4,14,Desktop,14
C288,Kiran Abbasi,24,Female,Lahore,2023-10-26,ORD1571,2024-12-26,Home & Kitchen,Lunch Box,5166,2,10332,JazzCash,No,0,1,41,Mobile,15
C288,Kiran Abbasi,24,Female,Lahore,2023-10-26,ORD1572,2024-02-29,Home & Kitchen,Mug Set,2515,4,9054,EasyPaisa,Yes,10,5,30,Mobile,16
C288,Kiran Abbasi,24,Female,Lahore,2023-10-26,ORD1573,2024-05-01,Sports,Sports Bottle,6326,4,25304,JazzCash,No,0,5,7,Mobile,17
C288,Kiran Abbasi,24,Female,Lahore,2023-10-26,ORD1574,2024-06-11,Clothing,Sweater,1720,2,3440,EasyPaisa,No,0,1,32,Tablet,18
C288,Kiran Abbasi,24,Female,Lahore,2023-10-26,ORD1575,2024-10-05,Sports,Running Shoes,4066,2,8132,Credit Card,No,0,2,4,Desktop,19
C289,Shahid Abbasi,43,Male,Rawalpindi,2023-04-09,ORD1576,2024-12-26,Food,Coffee Beans,727,2,1381,Credit Card,Yes,5,4,50,Mobile,21
C289,Shahid Abbasi,43,Male,Rawalpindi,2023-04-09,ORD1577,2025-02-17,Sports,Dumbbells,3528,4,14112,Debit Card,No,0,5,48,Tablet,22
C289,Shahid Abbasi,43,Male,Rawalpindi,2023-04-09,ORD1578,2024-10-24,Accessories,Keychain,674,1,674,Cash on Delivery,No,0,2,5,Desktop,23
C289,Shahid Abbasi,43,Male,Rawalpindi,2023-04-09,ORD1579,2024-05-06,Home & Kitchen,Knife Set,559,3,1677,Debit Card,No,0,2,50,Mobile,24
C289,Shahid Abbasi,43,Male,Rawalpindi,2023-04-09,ORD1580,2024-07-21,Food,Dry Fruits Pack,843,2,1686,Cash on Delivery,No,0,2,39,Desktop,25
C289,Shahid Abbasi,43,Male,Rawalpindi,2023-04-09,ORD1581,2025-01-06,Beauty,Hair Oil,950,3,2850,JazzCash,No,0,1,32,Mobile,26
C289,Shahid Abbasi,43,Male,Rawalpindi,2023-04-09,ORD1582,2024-05-19,Accessories,Scarf,2602,1,2602,JazzCash,No,0,3,9,Desktop,27
C290,Fahad Ahmed,58,Male,Lahore,2024-04-23,ORD1583,2025-04-26,Accessories,Bracelet,603,3,1809,Debit Card,No,0,5,53,Desktop,24
C290,Fahad Ahmed,58,Male,Lahore,2024-04-23,ORD1584,2024-05-13,Beauty,Moisturizer,2297,3,6891,Debit Card,No,0,5,55,Tablet,25
C290,Fahad Ahmed,58,Male,Lahore,2024-04-23,ORD1585,2024-03-29,Clothing,Trouser,1165,4,4194,Debit Card,Yes,10,2,21,Mobile,26
C291,Waqar Raza,59,Male,Islamabad,2023-06-04,ORD1586,2025-03-14,Sports,Sports Bag,4311,1,4311,Cash on Delivery,No,0,1,2,Tablet,28
C291,Waqar Raza,59,Male,Islamabad,2023-06-04,ORD1587,2024-04-24,Sports,Badminton Racket,1766,4,7064,Cash on Delivery,No,0,3,41,Desktop,29
C291,Waqar Raza,59,Male,Islamabad,2023-06-04,ORD1588,2024-05-28,Electronics,Webcam,6837,4,24613,JazzCash,Yes,10,3,27,Desktop,30
C292,Waqar Butt,31,Male,Rawalpindi,2023-08-01,ORD1589,2024-08-25,Food,Biscuit Pack,1104,2,2208,Cash on Delivery,No,0,2,44,Tablet,25
C292,Waqar Butt,31,Male,Rawalpindi,2023-08-01,ORD1590,2024-11-06,Beauty,Face Mask,3717,2,7434,Cash on Delivery,No,0,3,5,Tablet,26
C292,Waqar Butt,31,Male,Rawalpindi,2023-08-01,ORD1591,2024-08-20,Health,Protein Powder,4422,4,17688,JazzCash,No,0,5,59,Mobile,27
C293,Waqar Hashmi,50,Male,Multan,2023-06-16,ORD1592,2024-06-07,Sports,Yoga Mat,2255,2,4510,Debit Card,No,0,2,46,Desktop,25
C293,Waqar Hashmi,50,Male,Multan,2023-06-16,ORD1593,2025-04-09,Books,Science Book,2494,3,7482,EasyPaisa,No,0,5,42,Desktop,26
C293,Waqar Hashmi,50,Male,Multan,2023-06-16,ORD1594,2024-01-13,Toys,Puzzle Set,4557,3,13671,JazzCash,No,0,3,32,Tablet,27
C293,Waqar Hashmi,50,Male,Multan,2023-06-16,ORD1595,2024-03-28,Toys,Action Figure,2267,1,1927,EasyPaisa,Yes,15,5,56,Desktop,28
C293,Waqar Hashmi,50,Male,Multan,2023-06-16,ORD1596,2025-01-05,Books,Math Textbook,1541,4,5856,JazzCash,Yes,5,2,15,Mobile,29
C294,Rabia Butt,63,Female,Islamabad,2023-08-13,ORD1597,2025-03-02,Electronics,USB Cable,5599,2,9518,EasyPaisa,Yes,15,3,24,Desktop,1
C294,Rabia Butt,63,Female,Islamabad,2023-08-13,ORD1598,2024-10-23,Food,Rice Bag,1594,4,5101,Credit Card,Yes,20,4,39,Tablet,2
C294,Rabia Butt,63,Female,Islamabad,2023-08-13,ORD1599,2024-08-07,Sports,Sports Bag,1478,2,2956,EasyPaisa,No,0,5,36,Tablet,3
C294,Rabia Butt,63,Female,Islamabad,2023-08-13,ORD1600,2024-04-06,Books,Data Science Guide,1440,1,1440,Credit Card,No,0,4,35,Tablet,4
C295,Zara Siddiqui,25,Female,Lahore,2024-01-07,ORD1601,2024-09-03,Toys,Remote Car,3325,4,11970,JazzCash,Yes,10,4,51,Tablet,9
C295,Zara Siddiqui,25,Female,Lahore,2024-01-07,ORD1602,2024-06-16,Food,Honey Jar,1639,3,4917,JazzCash,No,0,2,30,Mobile,10
C295,Zara Siddiqui,25,Female,Lahore,2024-01-07,ORD1603,2024-08-23,Beauty,Sunscreen,2521,4,10084,EasyPaisa,No,0,5,28,Mobile,11
C295,Zara Siddiqui,25,Female,Lahore,2024-01-07,ORD1604,2025-04-14,Home & Kitchen,Cooking Pan,4279,1,4279,EasyPaisa,No,0,3,50,Mobile,12
C296,Rabia Malik,55,Female,Rawalpindi,2023-08-01,ORD1605,2024-07-25,Accessories,Belt,1710,3,5130,JazzCash,No,0,3,39,Tablet,8
C296,Rabia Malik,55,Female,Rawalpindi,2023-08-01,ORD1606,2025-03-14,Clothing,T-Shirt,4675,3,14025,JazzCash,No,0,1,56,Tablet,9
C296,Rabia Malik,55,Female,Rawalpindi,2023-08-01,ORD1607,2025-04-20,Clothing,Formal Shirt,1271,4,5084,Credit Card,No,0,5,15,Desktop,10
C297,Mehwish Iqbal,47,Female,Peshawar,2024-02-14,ORD1608,2024-03-18,Sports,Running Shoes,2924,1,2778,Debit Card,Yes,5,5,21,Mobile,10
C297,Mehwish Iqbal,47,Female,Peshawar,2024-02-14,ORD1609,2025-02-16,Beauty,Moisturizer,1925,2,3273,Credit Card,Yes,15,5,53,Tablet,11
C297,Mehwish Iqbal,47,Female,Peshawar,2024-02-14,ORD1610,2024-10-10,Beauty,Hair Oil,2734,1,2187,EasyPaisa,Yes,20,4,49,Desktop,12
C297,Mehwish Iqbal,47,Female,Peshawar,2024-02-14,ORD1611,2024-07-27,Books,Fiction Novel,2992,4,10771,Debit Card,Yes,10,4,48,Mobile,13
C297,Mehwish Iqbal,47,Female,Peshawar,2024-02-14,ORD1612,2025-02-18,Electronics,Mouse,10249,2,20498,Debit Card,No,0,4,44,Tablet,14
C297,Mehwish Iqbal,47,Female,Peshawar,2024-02-14,ORD1613,2024-09-03,Beauty,Moisturizer,509,3,1527,EasyPaisa,No,0,5,4,Mobile,15
C297,Mehwish Iqbal,47,Female,Peshawar,2024-02-14,ORD1614,2024-02-15,Beauty,Face Mask,2699,3,8097,Credit Card,No,0,2,56,Desktop,16
C297,Mehwish Iqbal,47,Female,Peshawar,2024-02-14,ORD1615,2024-03-20,Toys,Puzzle Set,1754,1,1754,Debit Card,No,0,3,55,Desktop,17
C298,Asad Chaudhry,43,Male,Peshawar,2023-10-29,ORD1616,2024-02-20,Food,Juice Box,2916,2,5832,Cash on Delivery,No,0,3,36,Tablet,26
C298,Asad Chaudhry,43,Male,Peshawar,2023-10-29,ORD1617,2025-05-30,Home & Kitchen,Cooking Pan,617,2,1234,Debit Card,No,0,5,17,Mobile,27
C298,Asad Chaudhry,43,Male,Peshawar,2023-10-29,ORD1618,2025-05-09,Books,Fiction Novel,2236,3,6037,EasyPaisa,Yes,10,3,34,Mobile,28
C298,Asad Chaudhry,43,Male,Peshawar,2023-10-29,ORD1619,2024-09-07,Sports,Dumbbells,5241,1,5241,JazzCash,No,0,3,59,Tablet,29
C298,Asad Chaudhry,43,Male,Peshawar,2023-10-29,ORD1620,2024-07-28,Accessories,Sunglasses,341,4,1364,Credit Card,No,0,1,57,Mobile,30
C299,Sobia Ali,49,Female,Quetta,2024-04-19,ORD1621,2024-09-19,Sports,Badminton Racket,6013,2,12026,Debit Card,No,0,4,5,Mobile,4
C299,Sobia Ali,49,Female,Quetta,2024-04-19,ORD1622,2024-05-04,Electronics,Laptop Stand,1758,2,3516,Cash on Delivery,No,0,3,25,Mobile,5
C299,Sobia Ali,49,Female,Quetta,2024-04-19,ORD1623,2024-05-26,Home & Kitchen,Plate Set,7588,2,15176,Cash on Delivery,No,0,5,48,Desktop,6
C299,Sobia Ali,49,Female,Quetta,2024-04-19,ORD1624,2024-08-28,Home & Kitchen,Plate Set,5021,2,8034,Cash on Delivery,Yes,20,3,24,Desktop,7
C299,Sobia Ali,49,Female,Quetta,2024-04-19,ORD1625,2024-01-20,Accessories,Watch Strap,3318,2,5972,Cash on Delivery,Yes,10,4,43,Mobile,8
C299,Sobia Ali,49,Female,Quetta,2024-04-19,ORD1626,2024-10-15,Health,BP Monitor,4149,4,15766,Credit Card,Yes,5,4,35,Desktop,9
C299,Sobia Ali,49,Female,Quetta,2024-04-19,ORD1627,2024-05-19,Books,Data Science Guide,2672,1,2672,Cash on Delivery,No,0,2,24,Tablet,10
C299,Sobia Ali,49,Female,Quetta,2024-04-19,ORD1628,2025-01-07,Toys,Play Dough,293,2,586,Credit Card,No,0,3,50,Mobile,11
C300,Faisal Abbasi,52,Male,Islamabad,2024-03-10,ORD1629,2024-08-16,Clothing,T-Shirt,4916,3,14748,JazzCash,No,0,4,54,Tablet,7
C300,Faisal Abbasi,52,Male,Islamabad,2024-03-10,ORD1630,2024-01-07,Books,Science Book,223,1,201,Credit Card,Yes,10,4,31,Desktop,8
C300,Faisal Abbasi,52,Male,Islamabad,2024-03-10,ORD1631,2025-01-09,Electronics,USB Cable,7548,4,27173,Cash on Delivery,Yes,10,5,9,Desktop,9
C300,Faisal Abbasi,52,Male,Islamabad,2024-03-10,ORD1632,2024-02-15,Electronics,USB Cable,13725,1,13039,EasyPaisa,Yes,5,2,5,Desktop,10
C300,Faisal Abbasi,52,Male,Islamabad,2024-03-10,ORD1633,2025-04-02,Food,Dry Fruits Pack,2862,2,5724,Cash on Delivery,No,0,3,33,Desktop,11
C300,Faisal Abbasi,52,Male,Islamabad,2024-03-10,ORD1634,2024-05-31,Electronics,USB Cable,1045,3,3135,Cash on Delivery,No,0,2,41,Tablet,12
